"month","country","value","date"
"01","Afghanistan",0.001,2021-01-01
"02","Afghanistan",0.001,2021-02-01
"03","Afghanistan",0.001,2021-03-01
"04","Afghanistan",0.001,2021-04-01
"05","Afghanistan",0.002,2021-05-01
"06","Afghanistan",0.002,2021-06-01
"07","Afghanistan",0.004,2021-07-01
"08","Afghanistan",0.004,2021-08-01
"09","Afghanistan",0.004,2021-09-01
"10","Afghanistan",0.004,2021-10-01
"11","Afghanistan",0.004,2021-11-01
"12","Afghanistan",0.004,2021-12-01
"01","Albania",0.023,2021-01-01
"02","Albania",0.032,2021-02-01
"03","Albania",0.041,2021-03-01
"04","Albania",0.045,2021-04-01
"05","Albania",0.046,2021-05-01
"06","Albania",0.046,2021-06-01
"07","Albania",0.046,2021-07-01
"08","Albania",0.048,2021-08-01
"09","Albania",0.055,2021-09-01
"10","Albania",0.062,2021-10-01
"11","Albania",0.067,2021-11-01
"12","Albania",0.071,2021-12-01
"01","Algeria",0.002,2021-01-01
"02","Algeria",0.003,2021-02-01
"03","Algeria",0.003,2021-03-01
"04","Algeria",0.003,2021-04-01
"05","Algeria",0.003,2021-05-01
"06","Algeria",0.003,2021-06-01
"07","Algeria",0.003,2021-07-01
"08","Algeria",0.004,2021-08-01
"09","Algeria",0.005,2021-09-01
"10","Algeria",0.005,2021-10-01
"11","Algeria",0.005,2021-11-01
"12","Algeria",0.005,2021-12-01
"01","Andorra",0.117,2021-01-01
"02","Andorra",0.136,2021-02-01
"03","Andorra",0.147,2021-03-01
"04","Andorra",0.164,2021-04-01
"05","Andorra",0.175,2021-05-01
"06","Andorra",0.179,2021-06-01
"07","Andorra",0.185,2021-07-01
"08","Andorra",0.193,2021-08-01
"09","Andorra",0.196,2021-09-01
"10","Andorra",0.199,2021-10-01
"11","Andorra",0.208,2021-11-01
"12","Andorra",0.263,2021-12-01
"01","Angola",0.001,2021-01-01
"02","Angola",0.001,2021-02-01
"03","Angola",0.001,2021-03-01
"04","Angola",0.001,2021-04-01
"05","Angola",0.001,2021-05-01
"06","Angola",0.001,2021-06-01
"07","Angola",0.001,2021-07-01
"08","Angola",0.001,2021-08-01
"09","Angola",0.002,2021-09-01
"10","Angola",0.002,2021-10-01
"11","Angola",0.002,2021-11-01
"12","Angola",0.002,2021-12-01
"01","Antigua and Barbuda",0.002,2021-01-01
"02","Antigua and Barbuda",0.005,2021-02-01
"03","Antigua and Barbuda",0.01,2021-03-01
"04","Antigua and Barbuda",0.012,2021-04-01
"05","Antigua and Barbuda",0.013,2021-05-01
"06","Antigua and Barbuda",0.013,2021-06-01
"07","Antigua and Barbuda",0.013,2021-07-01
"08","Antigua and Barbuda",0.015,2021-08-01
"09","Antigua and Barbuda",0.024,2021-09-01
"10","Antigua and Barbuda",0.039,2021-10-01
"11","Antigua and Barbuda",0.042,2021-11-01
"12","Antigua and Barbuda",0.043,2021-12-01
"01","Argentina",0.039,2021-01-01
"02","Argentina",0.045,2021-02-01
"03","Argentina",0.049,2021-03-01
"04","Argentina",0.059,2021-04-01
"05","Argentina",0.074,2021-05-01
"06","Argentina",0.092,2021-06-01
"07","Argentina",0.104,2021-07-01
"08","Argentina",0.112,2021-08-01
"09","Argentina",0.116,2021-09-01
"10","Argentina",0.117,2021-10-01
"11","Argentina",0.117,2021-11-01
"12","Argentina",0.12,2021-12-01
"01","Armenia",0.055,2021-01-01
"02","Armenia",0.057,2021-02-01
"03","Armenia",0.061,2021-03-01
"04","Armenia",0.069,2021-04-01
"05","Armenia",0.074,2021-05-01
"06","Armenia",0.076,2021-06-01
"07","Armenia",0.077,2021-07-01
"08","Armenia",0.079,2021-08-01
"09","Armenia",0.085,2021-09-01
"10","Armenia",0.095,2021-10-01
"11","Armenia",0.111,2021-11-01
"12","Armenia",0.116,2021-12-01
"01","Australia",0.004,2021-01-01
"02","Australia",0.004,2021-02-01
"03","Australia",0.004,2021-03-01
"04","Australia",0.004,2021-04-01
"05","Australia",0.004,2021-05-01
"06","Australia",0.004,2021-06-01
"07","Australia",0.004,2021-07-01
"08","Australia",0.006,2021-08-01
"09","Australia",0.011,2021-09-01
"10","Australia",0.019,2021-10-01
"11","Australia",0.026,2021-11-01
"12","Australia",0.036,2021-12-01
"01","Austria",0.043,2021-01-01
"02","Austria",0.048,2021-02-01
"03","Austria",0.055,2021-03-01
"04","Austria",0.064,2021-04-01
"05","Austria",0.07,2021-05-01
"06","Austria",0.071,2021-06-01
"07","Austria",0.072,2021-07-01
"08","Austria",0.074,2021-08-01
"09","Austria",0.079,2021-09-01
"10","Austria",0.086,2021-10-01
"11","Austria",0.108,2021-11-01
"12","Austria",0.136,2021-12-01
"01","Azerbaijan",0.022,2021-01-01
"02","Azerbaijan",0.023,2021-02-01
"03","Azerbaijan",0.024,2021-03-01
"04","Azerbaijan",0.029,2021-04-01
"05","Azerbaijan",0.032,2021-05-01
"06","Azerbaijan",0.033,2021-06-01
"07","Azerbaijan",0.033,2021-07-01
"08","Azerbaijan",0.037,2021-08-01
"09","Azerbaijan",0.046,2021-09-01
"10","Azerbaijan",0.05,2021-10-01
"11","Azerbaijan",0.055,2021-11-01
"12","Azerbaijan",0.06,2021-12-01
"01","Bahamas",0.02,2021-01-01
"02","Bahamas",0.021,2021-02-01
"03","Bahamas",0.022,2021-03-01
"04","Bahamas",0.025,2021-04-01
"05","Bahamas",0.028,2021-05-01
"06","Bahamas",0.031,2021-06-01
"07","Bahamas",0.034,2021-07-01
"08","Bahamas",0.042,2021-08-01
"09","Bahamas",0.05,2021-09-01
"10","Bahamas",0.055,2021-10-01
"11","Bahamas",0.057,2021-11-01
"12","Bahamas",0.059,2021-12-01
"01","Bahrain",0.057,2021-01-01
"02","Bahrain",0.066,2021-02-01
"03","Bahrain",0.078,2021-03-01
"04","Bahrain",0.095,2021-04-01
"05","Bahrain",0.12,2021-05-01
"06","Bahrain",0.152,2021-06-01
"07","Bahrain",0.157,2021-07-01
"08","Bahrain",0.159,2021-08-01
"09","Bahrain",0.161,2021-09-01
"10","Bahrain",0.162,2021-10-01
"11","Bahrain",0.163,2021-11-01
"12","Bahrain",0.164,2021-12-01
"01","Bangladesh",0.003,2021-01-01
"02","Bangladesh",0.003,2021-02-01
"03","Bangladesh",0.003,2021-03-01
"04","Bangladesh",0.004,2021-04-01
"05","Bangladesh",0.005,2021-05-01
"06","Bangladesh",0.005,2021-06-01
"07","Bangladesh",0.007,2021-07-01
"08","Bangladesh",0.009,2021-08-01
"09","Bangladesh",0.009,2021-09-01
"10","Bangladesh",0.009,2021-10-01
"11","Bangladesh",0.01,2021-11-01
"12","Bangladesh",0.01,2021-12-01
"01","Barbados",0.004,2021-01-01
"02","Barbados",0.008,2021-02-01
"03","Barbados",0.012,2021-03-01
"04","Barbados",0.013,2021-04-01
"05","Barbados",0.014,2021-05-01
"06","Barbados",0.014,2021-06-01
"07","Barbados",0.015,2021-07-01
"08","Barbados",0.016,2021-08-01
"09","Barbados",0.022,2021-09-01
"10","Barbados",0.045,2021-10-01
"11","Barbados",0.077,2021-11-01
"12","Barbados",0.094,2021-12-01
"01","Belarus",0.024,2021-01-01
"02","Belarus",0.028,2021-02-01
"03","Belarus",0.032,2021-03-01
"04","Belarus",0.036,2021-04-01
"05","Belarus",0.04,2021-05-01
"06","Belarus",0.043,2021-06-01
"07","Belarus",0.046,2021-07-01
"08","Belarus",0.049,2021-08-01
"09","Belarus",0.054,2021-09-01
"10","Belarus",0.06,2021-10-01
"11","Belarus",0.067,2021-11-01
"12","Belarus",0.072,2021-12-01
"01","Belgium",0.821,2021-01-01
"02","Belgium",0.898,2021-02-01
"03","Belgium",0.994,2021-03-01
"04","Belgium",1.14,2021-04-01
"05","Belgium",1.25,2021-05-01
"06","Belgium",1.305,2021-06-01
"07","Belgium",1.337,2021-07-01
"08","Belgium",1.4,2021-08-01
"09","Belgium",1.473,2021-09-01
"10","Belgium",1.565,2021-10-01
"11","Belgium",1.863,2021-11-01
"12","Belgium",2.381,2021-12-01
"01","Belize",0.029,2021-01-01
"02","Belize",0.031,2021-02-01
"03","Belize",0.031,2021-03-01
"04","Belize",0.032,2021-04-01
"05","Belize",0.032,2021-05-01
"06","Belize",0.033,2021-06-01
"07","Belize",0.034,2021-07-01
"08","Belize",0.038,2021-08-01
"09","Belize",0.046,2021-09-01
"10","Belize",0.06,2021-10-01
"11","Belize",0.073,2021-11-01
"12","Belize",0.079,2021-12-01
"01","Benin",0,2021-01-01
"02","Benin",0,2021-02-01
"03","Benin",0.001,2021-03-01
"04","Benin",0.001,2021-04-01
"05","Benin",0.001,2021-05-01
"06","Benin",0.001,2021-06-01
"07","Benin",0.001,2021-07-01
"08","Benin",0.001,2021-08-01
"09","Benin",0.002,2021-09-01
"10","Benin",0.002,2021-10-01
"11","Benin",0.002,2021-11-01
"12","Benin",0.002,2021-12-01
"01","Bhutan",0.001,2021-01-01
"02","Bhutan",0.001,2021-02-01
"03","Bhutan",0.001,2021-03-01
"04","Bhutan",0.001,2021-04-01
"05","Bhutan",0.002,2021-05-01
"06","Bhutan",0.002,2021-06-01
"07","Bhutan",0.003,2021-07-01
"08","Bhutan",0.003,2021-08-01
"09","Bhutan",0.003,2021-09-01
"10","Bhutan",0.003,2021-10-01
"11","Bhutan",0.003,2021-11-01
"12","Bhutan",0.003,2021-12-01
"01","Bolivia",0.016,2021-01-01
"02","Bolivia",0.02,2021-02-01
"03","Bolivia",0.022,2021-03-01
"04","Bolivia",0.025,2021-04-01
"05","Bolivia",0.029,2021-05-01
"06","Bolivia",0.035,2021-06-01
"07","Bolivia",0.039,2021-07-01
"08","Bolivia",0.041,2021-08-01
"09","Bolivia",0.042,2021-09-01
"10","Bolivia",0.043,2021-10-01
"11","Bolivia",0.045,2021-11-01
"12","Bolivia",0.048,2021-12-01
"01","Bosnia and Herzegovina",0.036,2021-01-01
"02","Bosnia and Herzegovina",0.038,2021-02-01
"03","Bosnia and Herzegovina",0.045,2021-03-01
"04","Bosnia and Herzegovina",0.057,2021-04-01
"05","Bosnia and Herzegovina",0.062,2021-05-01
"06","Bosnia and Herzegovina",0.062,2021-06-01
"07","Bosnia and Herzegovina",0.063,2021-07-01
"08","Bosnia and Herzegovina",0.064,2021-08-01
"09","Bosnia and Herzegovina",0.068,2021-09-01
"10","Bosnia and Herzegovina",0.074,2021-10-01
"11","Bosnia and Herzegovina",0.081,2021-11-01
"12","Bosnia and Herzegovina",0.086,2021-12-01
"01","Botswana",0.008,2021-01-01
"02","Botswana",0.011,2021-02-01
"03","Botswana",0.015,2021-03-01
"04","Botswana",0.019,2021-04-01
"05","Botswana",0.021,2021-05-01
"06","Botswana",0.026,2021-06-01
"07","Botswana",0.037,2021-07-01
"08","Botswana",0.059,2021-08-01
"09","Botswana",0.072,2021-09-01
"10","Botswana",0.078,2021-10-01
"11","Botswana",0.082,2021-11-01
"12","Botswana",0.086,2021-12-01
"01","Brazil",2.812,2021-01-01
"02","Brazil",3.296,2021-02-01
"03","Brazil",3.888,2021-03-01
"04","Brazil",4.59,2021-04-01
"05","Brazil",5.216,2021-05-01
"06","Brazil",5.876,2021-06-01
"07","Brazil",6.435,2021-07-01
"08","Brazil",6.8,2021-08-01
"09","Brazil",7.042,2021-09-01
"10","Brazil",7.216,2021-10-01
"11","Brazil",7.325,2021-11-01
"12","Brazil",7.404,2021-12-01
"01","Brunei",0,2021-01-01
"02","Brunei",0,2021-02-01
"03","Brunei",0,2021-03-01
"04","Brunei",0.001,2021-04-01
"05","Brunei",0.001,2021-05-01
"06","Brunei",0.001,2021-06-01
"07","Brunei",0.001,2021-07-01
"08","Brunei",0.003,2021-08-01
"09","Brunei",0.011,2021-09-01
"10","Brunei",0.024,2021-10-01
"11","Brunei",0.033,2021-11-01
"12","Brunei",0.035,2021-12-01
"01","Bulgaria",0.03,2021-01-01
"02","Bulgaria",0.033,2021-02-01
"03","Bulgaria",0.042,2021-03-01
"04","Bulgaria",0.055,2021-04-01
"05","Bulgaria",0.059,2021-05-01
"06","Bulgaria",0.061,2021-06-01
"07","Bulgaria",0.061,2021-07-01
"08","Bulgaria",0.063,2021-08-01
"09","Bulgaria",0.069,2021-09-01
"10","Bulgaria",0.079,2021-10-01
"11","Bulgaria",0.095,2021-11-01
"12","Bulgaria",0.104,2021-12-01
"01","Burkina Faso",0,2021-01-01
"02","Burkina Faso",0.001,2021-02-01
"03","Burkina Faso",0.001,2021-03-01
"04","Burkina Faso",0.001,2021-04-01
"05","Burkina Faso",0.001,2021-05-01
"06","Burkina Faso",0.001,2021-06-01
"07","Burkina Faso",0.001,2021-07-01
"08","Burkina Faso",0.001,2021-08-01
"09","Burkina Faso",0.001,2021-09-01
"10","Burkina Faso",0.001,2021-10-01
"11","Burkina Faso",0.001,2021-11-01
"12","Burkina Faso",0.001,2021-12-01
"01","Burma",0.002,2021-01-01
"02","Burma",0.003,2021-02-01
"03","Burma",0.003,2021-03-01
"04","Burma",0.003,2021-04-01
"05","Burma",0.003,2021-05-01
"06","Burma",0.003,2021-06-01
"07","Burma",0.004,2021-07-01
"08","Burma",0.007,2021-08-01
"09","Burma",0.008,2021-09-01
"10","Burma",0.009,2021-10-01
"11","Burma",0.009,2021-11-01
"12","Burma",0.01,2021-12-01
"01","Burundi",0,2021-01-01
"02","Burundi",0,2021-02-01
"03","Burundi",0,2021-03-01
"04","Burundi",0,2021-04-01
"05","Burundi",0,2021-05-01
"06","Burundi",0,2021-06-01
"07","Burundi",0.001,2021-07-01
"08","Burundi",0.001,2021-08-01
"09","Burundi",0.001,2021-09-01
"10","Burundi",0.002,2021-10-01
"11","Burundi",0.002,2021-11-01
"12","Burundi",0.002,2021-12-01
"01","Cabo Verde",0.023,2021-01-01
"02","Cabo Verde",0.027,2021-02-01
"03","Cabo Verde",0.029,2021-03-01
"04","Cabo Verde",0.036,2021-04-01
"05","Cabo Verde",0.05,2021-05-01
"06","Cabo Verde",0.057,2021-06-01
"07","Cabo Verde",0.06,2021-07-01
"08","Cabo Verde",0.062,2021-08-01
"09","Cabo Verde",0.066,2021-09-01
"10","Cabo Verde",0.068,2021-10-01
"11","Cabo Verde",0.069,2021-11-01
"12","Cabo Verde",0.07,2021-12-01
"01","Cambodia",0,2021-01-01
"02","Cambodia",0,2021-02-01
"03","Cambodia",0,2021-03-01
"04","Cambodia",0,2021-04-01
"05","Cambodia",0.001,2021-05-01
"06","Cambodia",0.002,2021-06-01
"07","Cambodia",0.004,2021-07-01
"08","Cambodia",0.005,2021-08-01
"09","Cambodia",0.006,2021-09-01
"10","Cambodia",0.007,2021-10-01
"11","Cambodia",0.007,2021-11-01
"12","Cambodia",0.007,2021-12-01
"01","Cameroon",0.001,2021-01-01
"02","Cameroon",0.001,2021-02-01
"03","Cameroon",0.002,2021-03-01
"04","Cameroon",0.002,2021-04-01
"05","Cameroon",0.003,2021-05-01
"06","Cameroon",0.003,2021-06-01
"07","Cameroon",0.003,2021-07-01
"08","Cameroon",0.003,2021-08-01
"09","Cameroon",0.003,2021-09-01
"10","Cameroon",0.004,2021-10-01
"11","Cameroon",0.004,2021-11-01
"12","Cameroon",0.004,2021-12-01
"01","Canada",0.261,2021-01-01
"02","Canada",0.308,2021-02-01
"03","Canada",0.343,2021-03-01
"04","Canada",0.412,2021-04-01
"05","Canada",0.493,2021-05-01
"06","Canada",0.522,2021-06-01
"07","Canada",0.529,2021-07-01
"08","Canada",0.543,2021-08-01
"09","Canada",0.581,2021-09-01
"10","Canada",0.624,2021-10-01
"11","Canada",0.653,2021-11-01
"12","Canada",0.711,2021-12-01
"01","Central African Republic",0.001,2021-01-01
"02","Central African Republic",0.001,2021-02-01
"03","Central African Republic",0.001,2021-03-01
"04","Central African Republic",0.001,2021-04-01
"05","Central African Republic",0.001,2021-05-01
"06","Central African Republic",0.001,2021-06-01
"07","Central African Republic",0.001,2021-07-01
"08","Central African Republic",0.002,2021-08-01
"09","Central African Republic",0.002,2021-09-01
"10","Central African Republic",0.002,2021-10-01
"11","Central African Republic",0.002,2021-11-01
"12","Central African Republic",0.002,2021-12-01
"01","Chad",0,2021-01-01
"02","Chad",0,2021-02-01
"03","Chad",0,2021-03-01
"04","Chad",0,2021-04-01
"05","Chad",0,2021-05-01
"06","Chad",0,2021-06-01
"07","Chad",0,2021-07-01
"08","Chad",0,2021-08-01
"09","Chad",0,2021-09-01
"10","Chad",0,2021-10-01
"11","Chad",0,2021-11-01
"12","Chad",0,2021-12-01
"01","Chile",1.566,2021-01-01
"02","Chile",1.825,2021-02-01
"03","Chile",2.127,2021-03-01
"04","Chile",2.594,2021-04-01
"05","Chile",3.027,2021-05-01
"06","Chile",3.486,2021-06-01
"07","Chile",3.743,2021-07-01
"08","Chile",3.827,2021-08-01
"09","Chile",3.867,2021-09-01
"10","Chile",3.926,2021-10-01
"11","Chile",4.063,2021-11-01
"12","Chile",4.198,2021-12-01
"01","China",0,2021-01-01
"02","China",0,2021-02-01
"03","China",0,2021-03-01
"04","China",0,2021-04-01
"05","China",0,2021-05-01
"06","China",0,2021-06-01
"07","China",0,2021-07-01
"08","China",0,2021-08-01
"09","China",0,2021-09-01
"10","China",0,2021-10-01
"11","China",0,2021-11-01
"12","China",0,2021-12-01
"01","Colombia",6.943,2021-01-01
"02","Colombia",8.08,2021-02-01
"03","Colombia",8.548,2021-03-01
"04","Colombia",9.657,2021-04-01
"05","Colombia",11.512,2021-05-01
"06","Colombia",14.108,2021-06-01
"07","Colombia",16.876,2021-07-01
"08","Colombia",17.938,2021-08-01
"09","Colombia",18.197,2021-09-01
"10","Colombia",18.363,2021-10-01
"11","Colombia",18.567,2021-11-01
"12","Colombia",18.82,2021-12-01
"01","Comoros",0.002,2021-01-01
"02","Comoros",0.004,2021-02-01
"03","Comoros",0.004,2021-03-01
"04","Comoros",0.004,2021-04-01
"05","Comoros",0.004,2021-05-01
"06","Comoros",0.004,2021-06-01
"07","Comoros",0.005,2021-07-01
"08","Comoros",0.005,2021-08-01
"09","Comoros",0.005,2021-09-01
"10","Comoros",0.005,2021-10-01
"11","Comoros",0.005,2021-11-01
"12","Comoros",0.006,2021-12-01
"01","Congo (Brazzaville)",0.001,2021-01-01
"02","Congo (Brazzaville)",0.002,2021-02-01
"03","Congo (Brazzaville)",0.002,2021-03-01
"04","Congo (Brazzaville)",0.002,2021-04-01
"05","Congo (Brazzaville)",0.002,2021-05-01
"06","Congo (Brazzaville)",0.002,2021-06-01
"07","Congo (Brazzaville)",0.002,2021-07-01
"08","Congo (Brazzaville)",0.002,2021-08-01
"09","Congo (Brazzaville)",0.003,2021-09-01
"10","Congo (Brazzaville)",0.003,2021-10-01
"11","Congo (Brazzaville)",0.003,2021-11-01
"12","Congo (Brazzaville)",0.003,2021-12-01
"01","Congo (Kinshasa)",0,2021-01-01
"02","Congo (Kinshasa)",0,2021-02-01
"03","Congo (Kinshasa)",0,2021-03-01
"04","Congo (Kinshasa)",0,2021-04-01
"05","Congo (Kinshasa)",0,2021-05-01
"06","Congo (Kinshasa)",0,2021-06-01
"07","Congo (Kinshasa)",0.001,2021-07-01
"08","Congo (Kinshasa)",0.001,2021-08-01
"09","Congo (Kinshasa)",0.001,2021-09-01
"10","Congo (Kinshasa)",0.001,2021-10-01
"11","Congo (Kinshasa)",0.001,2021-11-01
"12","Congo (Kinshasa)",0.001,2021-12-01
"01","Costa Rica",0.036,2021-01-01
"02","Costa Rica",0.039,2021-02-01
"03","Costa Rica",0.041,2021-03-01
"04","Costa Rica",0.045,2021-04-01
"05","Costa Rica",0.056,2021-05-01
"06","Costa Rica",0.068,2021-06-01
"07","Costa Rica",0.076,2021-07-01
"08","Costa Rica",0.085,2021-08-01
"09","Costa Rica",0.098,2021-09-01
"10","Costa Rica",0.108,2021-10-01
"11","Costa Rica",0.111,2021-11-01
"12","Costa Rica",0.112,2021-12-01
"01","Cote d'Ivoire",0.001,2021-01-01
"02","Cote d'Ivoire",0.001,2021-02-01
"03","Cote d'Ivoire",0.001,2021-03-01
"04","Cote d'Ivoire",0.002,2021-04-01
"05","Cote d'Ivoire",0.002,2021-05-01
"06","Cote d'Ivoire",0.002,2021-06-01
"07","Cote d'Ivoire",0.002,2021-07-01
"08","Cote d'Ivoire",0.002,2021-08-01
"09","Cote d'Ivoire",0.002,2021-09-01
"10","Cote d'Ivoire",0.002,2021-10-01
"11","Cote d'Ivoire",0.002,2021-11-01
"12","Cote d'Ivoire",0.002,2021-12-01
"01","Croatia",0.054,2021-01-01
"02","Croatia",0.058,2021-02-01
"03","Croatia",0.062,2021-03-01
"04","Croatia",0.074,2021-04-01
"05","Croatia",0.085,2021-05-01
"06","Croatia",0.087,2021-06-01
"07","Croatia",0.088,2021-07-01
"08","Croatia",0.09,2021-08-01
"09","Croatia",0.095,2021-09-01
"10","Croatia",0.105,2021-10-01
"11","Croatia",0.132,2021-11-01
"12","Croatia",0.162,2021-12-01
"01","Cuba",0.002,2021-01-01
"02","Cuba",0.003,2021-02-01
"03","Cuba",0.006,2021-03-01
"04","Cuba",0.008,2021-04-01
"05","Cuba",0.011,2021-05-01
"06","Cuba",0.014,2021-06-01
"07","Cuba",0.024,2021-07-01
"08","Cuba",0.047,2021-08-01
"09","Cuba",0.068,2021-09-01
"10","Cuba",0.082,2021-10-01
"11","Cuba",0.085,2021-11-01
"12","Cuba",0.085,2021-12-01
"01","Cyprus",0.023,2021-01-01
"02","Cyprus",0.027,2021-02-01
"03","Cyprus",0.034,2021-03-01
"04","Cyprus",0.046,2021-04-01
"05","Cyprus",0.059,2021-05-01
"06","Cyprus",0.062,2021-06-01
"07","Cyprus",0.074,2021-07-01
"08","Cyprus",0.091,2021-08-01
"09","Cyprus",0.098,2021-09-01
"10","Cyprus",0.101,2021-10-01
"11","Cyprus",0.106,2021-11-01
"12","Cyprus",0.12,2021-12-01
"01","Czechia",0.081,2021-01-01
"02","Czechia",0.103,2021-02-01
"03","Czechia",0.131,2021-03-01
"04","Czechia",0.149,2021-04-01
"05","Czechia",0.154,2021-05-01
"06","Czechia",0.155,2021-06-01
"07","Czechia",0.156,2021-07-01
"08","Czechia",0.157,2021-08-01
"09","Czechia",0.157,2021-09-01
"10","Czechia",0.16,2021-10-01
"11","Czechia",0.18,2021-11-01
"12","Czechia",0.22,2021-12-01
"01","Denmark",0.793,2021-01-01
"02","Denmark",0.873,2021-02-01
"03","Denmark",0.943,2021-03-01
"04","Denmark",1.027,2021-04-01
"05","Denmark",1.135,2021-05-01
"06","Denmark",1.234,2021-06-01
"07","Denmark",1.298,2021-07-01
"08","Denmark",1.415,2021-08-01
"09","Denmark",1.507,2021-09-01
"10","Denmark",1.581,2021-10-01
"11","Denmark",1.855,2021-11-01
"12","Denmark",2.614,2021-12-01
"01","Djibouti",0.006,2021-01-01
"02","Djibouti",0.006,2021-02-01
"03","Djibouti",0.007,2021-03-01
"04","Djibouti",0.01,2021-04-01
"05","Djibouti",0.012,2021-05-01
"06","Djibouti",0.012,2021-06-01
"07","Djibouti",0.012,2021-07-01
"08","Djibouti",0.012,2021-08-01
"09","Djibouti",0.012,2021-09-01
"10","Djibouti",0.013,2021-10-01
"11","Djibouti",0.014,2021-11-01
"12","Djibouti",0.014,2021-12-01
"01","Dominica",0.001,2021-01-01
"02","Dominica",0.002,2021-02-01
"03","Dominica",0.002,2021-03-01
"04","Dominica",0.002,2021-04-01
"05","Dominica",0.002,2021-05-01
"06","Dominica",0.003,2021-06-01
"07","Dominica",0.003,2021-07-01
"08","Dominica",0.012,2021-08-01
"09","Dominica",0.036,2021-09-01
"10","Dominica",0.059,2021-10-01
"11","Dominica",0.075,2021-11-01
"12","Dominica",0.088,2021-12-01
"01","Dominican Republic",0.018,2021-01-01
"02","Dominican Republic",0.021,2021-02-01
"03","Dominican Republic",0.023,2021-03-01
"04","Dominican Republic",0.024,2021-04-01
"05","Dominican Republic",0.026,2021-05-01
"06","Dominican Republic",0.029,2021-06-01
"07","Dominican Republic",0.031,2021-07-01
"08","Dominican Republic",0.032,2021-08-01
"09","Dominican Republic",0.033,2021-09-01
"10","Dominican Republic",0.034,2021-10-01
"11","Dominican Republic",0.037,2021-11-01
"12","Dominican Republic",0.038,2021-12-01
"01","Ecuador",0.013,2021-01-01
"02","Ecuador",0.015,2021-02-01
"03","Ecuador",0.017,2021-03-01
"04","Ecuador",0.02,2021-04-01
"05","Ecuador",0.023,2021-05-01
"06","Ecuador",0.025,2021-06-01
"07","Ecuador",0.027,2021-07-01
"08","Ecuador",0.028,2021-08-01
"09","Ecuador",0.029,2021-09-01
"10","Ecuador",0.029,2021-10-01
"11","Ecuador",0.03,2021-11-01
"12","Ecuador",0.03,2021-12-01
"01","Egypt",0.002,2021-01-01
"02","Egypt",0.002,2021-02-01
"03","Egypt",0.002,2021-03-01
"04","Egypt",0.002,2021-04-01
"05","Egypt",0.002,2021-05-01
"06","Egypt",0.003,2021-06-01
"07","Egypt",0.003,2021-07-01
"08","Egypt",0.003,2021-08-01
"09","Egypt",0.003,2021-09-01
"10","Egypt",0.003,2021-10-01
"11","Egypt",0.003,2021-11-01
"12","Egypt",0.004,2021-12-01
"01","El Salvador",0.008,2021-01-01
"02","El Salvador",0.009,2021-02-01
"03","El Salvador",0.01,2021-03-01
"04","El Salvador",0.01,2021-04-01
"05","El Salvador",0.011,2021-05-01
"06","El Salvador",0.012,2021-06-01
"07","El Salvador",0.013,2021-07-01
"08","El Salvador",0.014,2021-08-01
"09","El Salvador",0.015,2021-09-01
"10","El Salvador",0.017,2021-10-01
"11","El Salvador",0.018,2021-11-01
"12","El Salvador",0.019,2021-12-01
"01","Equatorial Guinea",0.004,2021-01-01
"02","Equatorial Guinea",0.004,2021-02-01
"03","Equatorial Guinea",0.005,2021-03-01
"04","Equatorial Guinea",0.005,2021-04-01
"05","Equatorial Guinea",0.006,2021-05-01
"06","Equatorial Guinea",0.006,2021-06-01
"07","Equatorial Guinea",0.006,2021-07-01
"08","Equatorial Guinea",0.006,2021-08-01
"09","Equatorial Guinea",0.008,2021-09-01
"10","Equatorial Guinea",0.009,2021-10-01
"11","Equatorial Guinea",0.01,2021-11-01
"12","Equatorial Guinea",0.01,2021-12-01
"01","Eritrea",0,2021-01-01
"02","Eritrea",0.001,2021-02-01
"03","Eritrea",0.001,2021-03-01
"04","Eritrea",0.001,2021-04-01
"05","Eritrea",0.001,2021-05-01
"06","Eritrea",0.001,2021-06-01
"07","Eritrea",0.002,2021-07-01
"08","Eritrea",0.002,2021-08-01
"09","Eritrea",0.002,2021-09-01
"10","Eritrea",0.002,2021-10-01
"11","Eritrea",0.002,2021-11-01
"12","Eritrea",0.002,2021-12-01
"01","Estonia",0.027,2021-01-01
"02","Estonia",0.04,2021-02-01
"03","Estonia",0.066,2021-03-01
"04","Estonia",0.087,2021-04-01
"05","Estonia",0.096,2021-05-01
"06","Estonia",0.098,2021-06-01
"07","Estonia",0.099,2021-07-01
"08","Estonia",0.104,2021-08-01
"09","Estonia",0.112,2021-09-01
"10","Estonia",0.13,2021-10-01
"11","Estonia",0.16,2021-11-01
"12","Estonia",0.174,2021-12-01
"01","Eswatini",0.011,2021-01-01
"02","Eswatini",0.014,2021-02-01
"03","Eswatini",0.015,2021-03-01
"04","Eswatini",0.016,2021-04-01
"05","Eswatini",0.016,2021-05-01
"06","Eswatini",0.016,2021-06-01
"07","Eswatini",0.018,2021-07-01
"08","Eswatini",0.031,2021-08-01
"09","Eswatini",0.039,2021-09-01
"10","Eswatini",0.04,2021-10-01
"11","Eswatini",0.04,2021-11-01
"12","Eswatini",0.049,2021-12-01
"01","Ethiopia",0.001,2021-01-01
"02","Ethiopia",0.001,2021-02-01
"03","Ethiopia",0.002,2021-03-01
"04","Ethiopia",0.002,2021-04-01
"05","Ethiopia",0.002,2021-05-01
"06","Ethiopia",0.002,2021-06-01
"07","Ethiopia",0.002,2021-07-01
"08","Ethiopia",0.003,2021-08-01
"09","Ethiopia",0.003,2021-09-01
"10","Ethiopia",0.003,2021-10-01
"11","Ethiopia",0.003,2021-11-01
"12","Ethiopia",0.003,2021-12-01
"01","Fiji",0,2021-01-01
"02","Fiji",0,2021-02-01
"03","Fiji",0,2021-03-01
"04","Fiji",0,2021-04-01
"05","Fiji",0,2021-05-01
"06","Fiji",0.002,2021-06-01
"07","Fiji",0.018,2021-07-01
"08","Fiji",0.045,2021-08-01
"09","Fiji",0.055,2021-09-01
"10","Fiji",0.058,2021-10-01
"11","Fiji",0.058,2021-11-01
"12","Fiji",0.059,2021-12-01
"01","Finland",0.007,2021-01-01
"02","Finland",0.009,2021-02-01
"03","Finland",0.012,2021-03-01
"04","Finland",0.015,2021-04-01
"05","Finland",0.016,2021-05-01
"06","Finland",0.017,2021-06-01
"07","Finland",0.018,2021-07-01
"08","Finland",0.021,2021-08-01
"09","Finland",0.024,2021-09-01
"10","Finland",0.027,2021-10-01
"11","Finland",0.031,2021-11-01
"12","Finland",0.039,2021-12-01
"01","France",7.905,2021-01-01
"02","France",9.455,2021-02-01
"03","France",11.276,2021-03-01
"04","France",14.019,2021-04-01
"05","France",15.474,2021-05-01
"06","France",15.526,2021-06-01
"07","France",15.923,2021-07-01
"08","France",17.529,2021-08-01
"09","France",18.751,2021-09-01
"10","France",19.23,2021-10-01
"11","France",19.945,2021-11-01
"12","France",23.153,2021-12-01
"01","Gabon",0.004,2021-01-01
"02","Gabon",0.006,2021-02-01
"03","Gabon",0.008,2021-03-01
"04","Gabon",0.01,2021-04-01
"05","Gabon",0.011,2021-05-01
"06","Gabon",0.011,2021-06-01
"07","Gabon",0.011,2021-07-01
"08","Gabon",0.012,2021-08-01
"09","Gabon",0.012,2021-09-01
"10","Gabon",0.015,2021-10-01
"11","Gabon",0.016,2021-11-01
"12","Gabon",0.017,2021-12-01
"01","Gambia",0.002,2021-01-01
"02","Gambia",0.002,2021-02-01
"03","Gambia",0.002,2021-03-01
"04","Gambia",0.002,2021-04-01
"05","Gambia",0.002,2021-05-01
"06","Gambia",0.002,2021-06-01
"07","Gambia",0.003,2021-07-01
"08","Gambia",0.004,2021-08-01
"09","Gambia",0.004,2021-09-01
"10","Gambia",0.004,2021-10-01
"11","Gambia",0.004,2021-11-01
"12","Gambia",0.004,2021-12-01
"01","Georgia",0.061,2021-01-01
"02","Georgia",0.067,2021-02-01
"03","Georgia",0.069,2021-03-01
"04","Georgia",0.074,2021-04-01
"05","Georgia",0.083,2021-05-01
"06","Georgia",0.089,2021-06-01
"07","Georgia",0.097,2021-07-01
"08","Georgia",0.122,2021-08-01
"09","Georgia",0.147,2021-09-01
"10","Georgia",0.166,2021-10-01
"11","Georgia",0.197,2021-11-01
"12","Georgia",0.225,2021-12-01
"01","Germany",0.774,2021-01-01
"02","Germany",0.906,2021-02-01
"03","Germany",1.011,2021-03-01
"04","Germany",1.2,2021-04-01
"05","Germany",1.386,2021-05-01
"06","Germany",1.441,2021-06-01
"07","Germany",1.453,2021-07-01
"08","Germany",1.488,2021-08-01
"09","Germany",1.59,2021-09-01
"10","Germany",1.698,2021-10-01
"11","Germany",1.985,2021-11-01
"12","Germany",2.559,2021-12-01
"01","Ghana",0.002,2021-01-01
"02","Ghana",0.002,2021-02-01
"03","Ghana",0.003,2021-03-01
"04","Ghana",0.003,2021-04-01
"05","Ghana",0.003,2021-05-01
"06","Ghana",0.003,2021-06-01
"07","Ghana",0.003,2021-07-01
"08","Ghana",0.004,2021-08-01
"09","Ghana",0.004,2021-09-01
"10","Ghana",0.004,2021-10-01
"11","Ghana",0.004,2021-11-01
"12","Ghana",0.004,2021-12-01
"01","Greece",0.014,2021-01-01
"02","Greece",0.017,2021-02-01
"03","Greece",0.022,2021-03-01
"04","Greece",0.03,2021-04-01
"05","Greece",0.036,2021-05-01
"06","Greece",0.04,2021-06-01
"07","Greece",0.044,2021-07-01
"08","Greece",0.052,2021-08-01
"09","Greece",0.06,2021-09-01
"10","Greece",0.067,2021-10-01
"11","Greece",0.081,2021-11-01
"12","Greece",0.099,2021-12-01
"01","Grenada",0.001,2021-01-01
"02","Grenada",0.001,2021-02-01
"03","Grenada",0.001,2021-03-01
"04","Grenada",0.001,2021-04-01
"05","Grenada",0.001,2021-05-01
"06","Grenada",0.001,2021-06-01
"07","Grenada",0.001,2021-07-01
"08","Grenada",0.002,2021-08-01
"09","Grenada",0.027,2021-09-01
"10","Grenada",0.05,2021-10-01
"11","Grenada",0.052,2021-11-01
"12","Grenada",0.053,2021-12-01
"01","Guatemala",0.008,2021-01-01
"02","Guatemala",0.009,2021-02-01
"03","Guatemala",0.01,2021-03-01
"04","Guatemala",0.012,2021-04-01
"05","Guatemala",0.013,2021-05-01
"06","Guatemala",0.015,2021-06-01
"07","Guatemala",0.018,2021-07-01
"08","Guatemala",0.023,2021-08-01
"09","Guatemala",0.029,2021-09-01
"10","Guatemala",0.033,2021-10-01
"11","Guatemala",0.034,2021-11-01
"12","Guatemala",0.035,2021-12-01
"01","Guinea",0.001,2021-01-01
"02","Guinea",0.001,2021-02-01
"03","Guinea",0.001,2021-03-01
"04","Guinea",0.002,2021-04-01
"05","Guinea",0.002,2021-05-01
"06","Guinea",0.002,2021-06-01
"07","Guinea",0.002,2021-07-01
"08","Guinea",0.002,2021-08-01
"09","Guinea",0.002,2021-09-01
"10","Guinea",0.002,2021-10-01
"11","Guinea",0.002,2021-11-01
"12","Guinea",0.002,2021-12-01
"01","Guinea-Bissau",0.001,2021-01-01
"02","Guinea-Bissau",0.001,2021-02-01
"03","Guinea-Bissau",0.002,2021-03-01
"04","Guinea-Bissau",0.002,2021-04-01
"05","Guinea-Bissau",0.002,2021-05-01
"06","Guinea-Bissau",0.002,2021-06-01
"07","Guinea-Bissau",0.002,2021-07-01
"08","Guinea-Bissau",0.003,2021-08-01
"09","Guinea-Bissau",0.003,2021-09-01
"10","Guinea-Bissau",0.003,2021-10-01
"11","Guinea-Bissau",0.003,2021-11-01
"12","Guinea-Bissau",0.003,2021-12-01
"01","Guyana",0.009,2021-01-01
"02","Guyana",0.01,2021-02-01
"03","Guyana",0.012,2021-03-01
"04","Guyana",0.015,2021-04-01
"05","Guyana",0.019,2021-05-01
"06","Guyana",0.024,2021-06-01
"07","Guyana",0.027,2021-07-01
"08","Guyana",0.03,2021-08-01
"09","Guyana",0.037,2021-09-01
"10","Guyana",0.043,2021-10-01
"11","Guyana",0.047,2021-11-01
"12","Guyana",0.049,2021-12-01
"01","Haiti",0.001,2021-01-01
"02","Haiti",0.001,2021-02-01
"03","Haiti",0.001,2021-03-01
"04","Haiti",0.001,2021-04-01
"05","Haiti",0.001,2021-05-01
"06","Haiti",0.002,2021-06-01
"07","Haiti",0.002,2021-07-01
"08","Haiti",0.002,2021-08-01
"09","Haiti",0.002,2021-09-01
"10","Haiti",0.002,2021-10-01
"11","Haiti",0.002,2021-11-01
"12","Haiti",0.002,2021-12-01
"01","Holy See",0.033,2021-01-01
"02","Holy See",0.033,2021-02-01
"03","Holy See",0.033,2021-03-01
"04","Holy See",0.033,2021-04-01
"05","Holy See",0.033,2021-05-01
"06","Holy See",0.033,2021-06-01
"07","Holy See",0.033,2021-07-01
"08","Holy See",0.033,2021-08-01
"09","Holy See",0.033,2021-09-01
"10","Holy See",0.033,2021-10-01
"11","Holy See",0.033,2021-11-01
"12","Holy See",0.033,2021-12-01
"01","Honduras",0.014,2021-01-01
"02","Honduras",0.016,2021-02-01
"03","Honduras",0.018,2021-03-01
"04","Honduras",0.02,2021-04-01
"05","Honduras",0.023,2021-05-01
"06","Honduras",0.025,2021-06-01
"07","Honduras",0.028,2021-07-01
"08","Honduras",0.032,2021-08-01
"09","Honduras",0.036,2021-09-01
"10","Honduras",0.038,2021-10-01
"11","Honduras",0.038,2021-11-01
"12","Honduras",0.038,2021-12-01
"01","Hungary",0.036,2021-01-01
"02","Hungary",0.04,2021-02-01
"03","Hungary",0.055,2021-03-01
"04","Hungary",0.076,2021-04-01
"05","Hungary",0.082,2021-05-01
"06","Hungary",0.084,2021-06-01
"07","Hungary",0.084,2021-07-01
"08","Hungary",0.084,2021-08-01
"09","Hungary",0.085,2021-09-01
"10","Hungary",0.087,2021-10-01
"11","Hungary",0.101,2021-11-01
"12","Hungary",0.124,2021-12-01
"01","Iceland",0.017,2021-01-01
"02","Iceland",0.018,2021-02-01
"03","Iceland",0.018,2021-03-01
"04","Iceland",0.019,2021-04-01
"05","Iceland",0.019,2021-05-01
"06","Iceland",0.019,2021-06-01
"07","Iceland",0.02,2021-07-01
"08","Iceland",0.028,2021-08-01
"09","Iceland",0.033,2021-09-01
"10","Iceland",0.037,2021-10-01
"11","Iceland",0.046,2021-11-01
"12","Iceland",0.061,2021-12-01
"01","India",8.632,2021-01-01
"02","India",8.945,2021-02-01
"03","India",9.439,2021-03-01
"04","India",12.212,2021-04-01
"05","India",20.092,2021-05-01
"06","India",24.199,2021-06-01
"07","India",25.424,2021-07-01
"08","India",26.398,2021-08-01
"09","India",27.302,2021-09-01
"10","India",27.878,2021-10-01
"11","India",28.204,2021-11-01
"12","India",28.422,2021-12-01
"01","Indonesia",0.003,2021-01-01
"02","Indonesia",0.004,2021-02-01
"03","Indonesia",0.005,2021-03-01
"04","Indonesia",0.006,2021-04-01
"05","Indonesia",0.006,2021-05-01
"06","Indonesia",0.007,2021-06-01
"07","Indonesia",0.01,2021-07-01
"08","Indonesia",0.014,2021-08-01
"09","Indonesia",0.015,2021-09-01
"10","Indonesia",0.015,2021-10-01
"11","Indonesia",0.016,2021-11-01
"12","Indonesia",0.016,2021-12-01
"01","Iran",0.016,2021-01-01
"02","Iran",0.018,2021-02-01
"03","Iran",0.021,2021-03-01
"04","Iran",0.026,2021-04-01
"05","Iran",0.033,2021-05-01
"06","Iran",0.036,2021-06-01
"07","Iran",0.042,2021-07-01
"08","Iran",0.053,2021-08-01
"09","Iran",0.064,2021-09-01
"10","Iran",0.069,2021-10-01
"11","Iran",0.072,2021-11-01
"12","Iran",0.073,2021-12-01
"01","Iraq",0.015,2021-01-01
"02","Iraq",0.016,2021-02-01
"03","Iraq",0.019,2021-03-01
"04","Iraq",0.024,2021-04-01
"05","Iraq",0.028,2021-05-01
"06","Iraq",0.032,2021-06-01
"07","Iraq",0.037,2021-07-01
"08","Iraq",0.044,2021-08-01
"09","Iraq",0.049,2021-09-01
"10","Iraq",0.051,2021-10-01
"11","Iraq",0.051,2021-11-01
"12","Iraq",0.052,2021-12-01
"01","Ireland",0.032,2021-01-01
"02","Ireland",0.042,2021-02-01
"03","Ireland",0.046,2021-03-01
"04","Ireland",0.049,2021-04-01
"05","Ireland",0.052,2021-05-01
"06","Ireland",0.054,2021-06-01
"07","Ireland",0.058,2021-07-01
"08","Ireland",0.066,2021-08-01
"09","Ireland",0.075,2021-09-01
"10","Ireland",0.084,2021-10-01
"11","Ireland",0.103,2021-11-01
"12","Ireland",0.132,2021-12-01
"01","Israel",0.062,2021-01-01
"02","Israel",0.084,2021-02-01
"03","Israel",0.094,2021-03-01
"04","Israel",0.097,2021-04-01
"05","Israel",0.097,2021-05-01
"06","Israel",0.097,2021-06-01
"07","Israel",0.099,2021-07-01
"08","Israel",0.111,2021-08-01
"09","Israel",0.138,2021-09-01
"10","Israel",0.152,2021-10-01
"11","Israel",0.155,2021-11-01
"12","Israel",0.157,2021-12-01
"01","Italy",2.535,2021-01-01
"02","Italy",2.941,2021-02-01
"03","Italy",3.517,2021-03-01
"04","Italy",4.124,2021-04-01
"05","Italy",4.468,2021-05-01
"06","Italy",4.574,2021-06-01
"07","Italy",4.623,2021-07-01
"08","Italy",4.791,2021-08-01
"09","Italy",4.975,2021-09-01
"10","Italy",5.084,2021-10-01
"11","Italy",5.261,2021-11-01
"12","Italy",5.799,2021-12-01
"01","Jamaica",0.005,2021-01-01
"02","Jamaica",0.007,2021-02-01
"03","Jamaica",0.011,2021-03-01
"04","Jamaica",0.015,2021-04-01
"05","Jamaica",0.016,2021-05-01
"06","Jamaica",0.017,2021-06-01
"07","Jamaica",0.017,2021-07-01
"08","Jamaica",0.02,2021-08-01
"09","Jamaica",0.026,2021-09-01
"10","Jamaica",0.029,2021-10-01
"11","Jamaica",0.03,2021-11-01
"12","Jamaica",0.031,2021-12-01
"01","Japan",0.213,2021-01-01
"02","Japan",0.277,2021-02-01
"03","Japan",0.301,2021-03-01
"04","Japan",0.352,2021-04-01
"05","Japan",0.453,2021-05-01
"06","Japan",0.518,2021-06-01
"07","Japan",0.562,2021-07-01
"08","Japan",0.793,2021-08-01
"09","Japan",1.097,2021-09-01
"10","Japan",1.144,2021-10-01
"11","Japan",1.15,2021-11-01
"12","Japan",1.153,2021-12-01
"01","Jordan",0.031,2021-01-01
"02","Jordan",0.035,2021-02-01
"03","Jordan",0.049,2021-03-01
"04","Jordan",0.066,2021-04-01
"05","Jordan",0.071,2021-05-01
"06","Jordan",0.073,2021-06-01
"07","Jordan",0.075,2021-07-01
"08","Jordan",0.077,2021-08-01
"09","Jordan",0.079,2021-09-01
"10","Jordan",0.082,2021-10-01
"11","Jordan",0.088,2021-11-01
"12","Jordan",0.1,2021-12-01
"01","Kazakhstan",0.012,2021-01-01
"02","Kazakhstan",0.013,2021-02-01
"03","Kazakhstan",0.015,2021-03-01
"04","Kazakhstan",0.018,2021-04-01
"05","Kazakhstan",0.022,2021-05-01
"06","Kazakhstan",0.025,2021-06-01
"07","Kazakhstan",0.029,2021-07-01
"08","Kazakhstan",0.041,2021-08-01
"09","Kazakhstan",0.049,2021-09-01
"10","Kazakhstan",0.053,2021-10-01
"11","Kazakhstan",0.055,2021-11-01
"12","Kazakhstan",0.057,2021-12-01
"01","Kenya",0.002,2021-01-01
"02","Kenya",0.002,2021-02-01
"03","Kenya",0.002,2021-03-01
"04","Kenya",0.003,2021-04-01
"05","Kenya",0.003,2021-05-01
"06","Kenya",0.003,2021-06-01
"07","Kenya",0.004,2021-07-01
"08","Kenya",0.004,2021-08-01
"09","Kenya",0.005,2021-09-01
"10","Kenya",0.005,2021-10-01
"11","Kenya",0.005,2021-11-01
"12","Kenya",0.005,2021-12-01
"01","Kiribati",0,2021-01-01
"02","Kiribati",0,2021-02-01
"03","Kiribati",0,2021-03-01
"04","Kiribati",0,2021-04-01
"05","Kiribati",0,2021-05-01
"06","Kiribati",0,2021-06-01
"07","Kiribati",0,2021-07-01
"08","Kiribati",0,2021-08-01
"09","Kiribati",0,2021-09-01
"10","Kiribati",0,2021-10-01
"11","Kiribati",0,2021-11-01
"12","Kiribati",0,2021-12-01
"01","Korea, North",0,2021-01-01
"02","Korea, North",0,2021-02-01
"03","Korea, North",0,2021-03-01
"04","Korea, North",0,2021-04-01
"05","Korea, North",0,2021-05-01
"06","Korea, North",0,2021-06-01
"07","Korea, North",0,2021-07-01
"08","Korea, North",0,2021-08-01
"09","Korea, North",0,2021-09-01
"10","Korea, North",0,2021-10-01
"11","Korea, North",0,2021-11-01
"12","Korea, North",0,2021-12-01
"01","Korea, South",0.001,2021-01-01
"02","Korea, South",0.002,2021-02-01
"03","Korea, South",0.002,2021-03-01
"04","Korea, South",0.002,2021-04-01
"05","Korea, South",0.003,2021-05-01
"06","Korea, South",0.003,2021-06-01
"07","Korea, South",0.003,2021-07-01
"08","Korea, South",0.004,2021-08-01
"09","Korea, South",0.006,2021-09-01
"10","Korea, South",0.007,2021-10-01
"11","Korea, South",0.008,2021-11-01
"12","Korea, South",0.011,2021-12-01
"01","Kosovo",0.031,2021-01-01
"02","Kosovo",0.036,2021-02-01
"03","Kosovo",0.043,2021-03-01
"04","Kosovo",0.054,2021-04-01
"05","Kosovo",0.059,2021-05-01
"06","Kosovo",0.059,2021-06-01
"07","Kosovo",0.06,2021-07-01
"08","Kosovo",0.067,2021-08-01
"09","Kosovo",0.087,2021-09-01
"10","Kosovo",0.089,2021-10-01
"11","Kosovo",0.089,2021-11-01
"12","Kosovo",0.089,2021-12-01
"01","Kuwait",0.037,2021-01-01
"02","Kuwait",0.042,2021-02-01
"03","Kuwait",0.05,2021-03-01
"04","Kuwait",0.059,2021-04-01
"05","Kuwait",0.068,2021-05-01
"06","Kuwait",0.078,2021-06-01
"07","Kuwait",0.089,2021-07-01
"08","Kuwait",0.095,2021-08-01
"09","Kuwait",0.096,2021-09-01
"10","Kuwait",0.097,2021-10-01
"11","Kuwait",0.097,2021-11-01
"12","Kuwait",0.097,2021-12-01
"01","Kyrgyzstan",0.013,2021-01-01
"02","Kyrgyzstan",0.013,2021-02-01
"03","Kyrgyzstan",0.013,2021-03-01
"04","Kyrgyzstan",0.014,2021-04-01
"05","Kyrgyzstan",0.015,2021-05-01
"06","Kyrgyzstan",0.017,2021-06-01
"07","Kyrgyzstan",0.022,2021-07-01
"08","Kyrgyzstan",0.026,2021-08-01
"09","Kyrgyzstan",0.027,2021-09-01
"10","Kyrgyzstan",0.028,2021-10-01
"11","Kyrgyzstan",0.028,2021-11-01
"12","Kyrgyzstan",0.028,2021-12-01
"01","Laos",0,2021-01-01
"02","Laos",0,2021-02-01
"03","Laos",0,2021-03-01
"04","Laos",0,2021-04-01
"05","Laos",0,2021-05-01
"06","Laos",0,2021-06-01
"07","Laos",0,2021-07-01
"08","Laos",0.001,2021-08-01
"09","Laos",0.003,2021-09-01
"10","Laos",0.004,2021-10-01
"11","Laos",0.008,2021-11-01
"12","Laos",0.013,2021-12-01
"01","Latvia",0.029,2021-01-01
"02","Latvia",0.041,2021-02-01
"03","Latvia",0.05,2021-03-01
"04","Latvia",0.058,2021-04-01
"05","Latvia",0.067,2021-05-01
"06","Latvia",0.072,2021-06-01
"07","Latvia",0.073,2021-07-01
"08","Latvia",0.074,2021-08-01
"09","Latvia",0.079,2021-09-01
"10","Latvia",0.098,2021-10-01
"11","Latvia",0.127,2021-11-01
"12","Latvia",0.14,2021-12-01
"01","Lebanon",0.036,2021-01-01
"02","Lebanon",0.05,2021-02-01
"03","Lebanon",0.062,2021-03-01
"04","Lebanon",0.074,2021-04-01
"05","Lebanon",0.078,2021-05-01
"06","Lebanon",0.08,2021-06-01
"07","Lebanon",0.081,2021-07-01
"08","Lebanon",0.085,2021-08-01
"09","Lebanon",0.09,2021-09-01
"10","Lebanon",0.093,2021-10-01
"11","Lebanon",0.096,2021-11-01
"12","Lebanon",0.102,2021-12-01
"01","Lesotho",0.003,2021-01-01
"02","Lesotho",0.005,2021-02-01
"03","Lesotho",0.005,2021-03-01
"04","Lesotho",0.005,2021-04-01
"05","Lesotho",0.005,2021-05-01
"06","Lesotho",0.005,2021-06-01
"07","Lesotho",0.006,2021-07-01
"08","Lesotho",0.007,2021-08-01
"09","Lesotho",0.007,2021-09-01
"10","Lesotho",0.01,2021-10-01
"11","Lesotho",0.01,2021-11-01
"12","Lesotho",0.011,2021-12-01
"01","Liberia",0,2021-01-01
"02","Liberia",0,2021-02-01
"03","Liberia",0,2021-03-01
"04","Liberia",0,2021-04-01
"05","Liberia",0,2021-05-01
"06","Liberia",0.001,2021-06-01
"07","Liberia",0.001,2021-07-01
"08","Liberia",0.001,2021-08-01
"09","Liberia",0.001,2021-09-01
"10","Liberia",0.001,2021-10-01
"11","Liberia",0.001,2021-11-01
"12","Liberia",0.001,2021-12-01
"01","Libya",0.016,2021-01-01
"02","Libya",0.019,2021-02-01
"03","Libya",0.021,2021-03-01
"04","Libya",0.025,2021-04-01
"05","Libya",0.026,2021-05-01
"06","Libya",0.028,2021-06-01
"07","Libya",0.032,2021-07-01
"08","Libya",0.041,2021-08-01
"09","Libya",0.048,2021-09-01
"10","Libya",0.051,2021-10-01
"11","Libya",0.053,2021-11-01
"12","Libya",0.055,2021-12-01
"01","Liechtenstein",0.064,2021-01-01
"02","Liechtenstein",0.068,2021-02-01
"03","Liechtenstein",0.071,2021-03-01
"04","Liechtenstein",0.076,2021-04-01
"05","Liechtenstein",0.081,2021-05-01
"06","Liechtenstein",0.082,2021-06-01
"07","Liechtenstein",0.083,2021-07-01
"08","Liechtenstein",0.086,2021-08-01
"09","Liechtenstein",0.092,2021-09-01
"10","Liechtenstein",0.094,2021-10-01
"11","Liechtenstein",0.106,2021-11-01
"12","Liechtenstein",0.145,2021-12-01
"01","Lithuania",0.062,2021-01-01
"02","Lithuania",0.071,2021-02-01
"03","Lithuania",0.076,2021-03-01
"04","Lithuania",0.085,2021-04-01
"05","Lithuania",0.097,2021-05-01
"06","Lithuania",0.102,2021-06-01
"07","Lithuania",0.103,2021-07-01
"08","Lithuania",0.107,2021-08-01
"09","Lithuania",0.115,2021-09-01
"10","Lithuania",0.136,2021-10-01
"11","Lithuania",0.164,2021-11-01
"12","Lithuania",0.184,2021-12-01
"01","Luxembourg",0.078,2021-01-01
"02","Luxembourg",0.085,2021-02-01
"03","Luxembourg",0.093,2021-03-01
"04","Luxembourg",0.103,2021-04-01
"05","Luxembourg",0.11,2021-05-01
"06","Luxembourg",0.113,2021-06-01
"07","Luxembourg",0.116,2021-07-01
"08","Luxembourg",0.119,2021-08-01
"09","Luxembourg",0.123,2021-09-01
"10","Luxembourg",0.128,2021-10-01
"11","Luxembourg",0.136,2021-11-01
"12","Luxembourg",0.153,2021-12-01
"01","Madagascar",0.001,2021-01-01
"02","Madagascar",0.001,2021-02-01
"03","Madagascar",0.001,2021-03-01
"04","Madagascar",0.001,2021-04-01
"05","Madagascar",0.001,2021-05-01
"06","Madagascar",0.002,2021-06-01
"07","Madagascar",0.002,2021-07-01
"08","Madagascar",0.002,2021-08-01
"09","Madagascar",0.002,2021-09-01
"10","Madagascar",0.002,2021-10-01
"11","Madagascar",0.002,2021-11-01
"12","Madagascar",0.002,2021-12-01
"01","Malawi",0.001,2021-01-01
"02","Malawi",0.002,2021-02-01
"03","Malawi",0.002,2021-03-01
"04","Malawi",0.002,2021-04-01
"05","Malawi",0.002,2021-05-01
"06","Malawi",0.002,2021-06-01
"07","Malawi",0.002,2021-07-01
"08","Malawi",0.003,2021-08-01
"09","Malawi",0.003,2021-09-01
"10","Malawi",0.003,2021-10-01
"11","Malawi",0.003,2021-11-01
"12","Malawi",0.003,2021-12-01
"01","Malaysia",0.282,2021-01-01
"02","Malaysia",0.471,2021-02-01
"03","Malaysia",0.582,2021-03-01
"04","Malaysia",0.666,2021-04-01
"05","Malaysia",0.856,2021-05-01
"06","Malaysia",1.197,2021-06-01
"07","Malaysia",1.621,2021-07-01
"08","Malaysia",2.557,2021-08-01
"09","Malaysia",3.624,2021-09-01
"10","Malaysia",4.248,2021-10-01
"11","Malaysia",4.568,2021-11-01
"12","Malaysia",4.834,2021-12-01
"01","Maldives",0.027,2021-01-01
"02","Maldives",0.033,2021-02-01
"03","Maldives",0.041,2021-03-01
"04","Maldives",0.049,2021-04-01
"05","Maldives",0.085,2021-05-01
"06","Maldives",0.13,2021-06-01
"07","Maldives",0.14,2021-07-01
"08","Maldives",0.147,2021-08-01
"09","Maldives",0.154,2021-09-01
"10","Maldives",0.159,2021-10-01
"11","Maldives",0.166,2021-11-01
"12","Maldives",0.173,2021-12-01
"01","Mali",0,2021-01-01
"02","Mali",0,2021-02-01
"03","Mali",0,2021-03-01
"04","Mali",0.001,2021-04-01
"05","Mali",0.001,2021-05-01
"06","Mali",0.001,2021-06-01
"07","Mali",0.001,2021-07-01
"08","Mali",0.001,2021-08-01
"09","Mali",0.001,2021-09-01
"10","Mali",0.001,2021-10-01
"11","Mali",0.001,2021-11-01
"12","Mali",0.001,2021-12-01
"01","Malta",0.035,2021-01-01
"02","Malta",0.045,2021-02-01
"03","Malta",0.06,2021-03-01
"04","Malta",0.067,2021-04-01
"05","Malta",0.069,2021-05-01
"06","Malta",0.069,2021-06-01
"07","Malta",0.073,2021-07-01
"08","Malta",0.08,2021-08-01
"09","Malta",0.083,2021-09-01
"10","Malta",0.085,2021-10-01
"11","Malta",0.087,2021-11-01
"12","Malta",0.097,2021-12-01
"01","Marshall Islands",0,2021-01-01
"02","Marshall Islands",0,2021-02-01
"03","Marshall Islands",0,2021-03-01
"04","Marshall Islands",0,2021-04-01
"05","Marshall Islands",0,2021-05-01
"06","Marshall Islands",0,2021-06-01
"07","Marshall Islands",0,2021-07-01
"08","Marshall Islands",0,2021-08-01
"09","Marshall Islands",0,2021-09-01
"10","Marshall Islands",0,2021-10-01
"11","Marshall Islands",0,2021-11-01
"12","Marshall Islands",0,2021-12-01
"01","Mauritania",0.003,2021-01-01
"02","Mauritania",0.004,2021-02-01
"03","Mauritania",0.004,2021-03-01
"04","Mauritania",0.004,2021-04-01
"05","Mauritania",0.004,2021-05-01
"06","Mauritania",0.004,2021-06-01
"07","Mauritania",0.005,2021-07-01
"08","Mauritania",0.006,2021-08-01
"09","Mauritania",0.008,2021-09-01
"10","Mauritania",0.008,2021-10-01
"11","Mauritania",0.008,2021-11-01
"12","Mauritania",0.009,2021-12-01
"01","Mauritius",0,2021-01-01
"02","Mauritius",0,2021-02-01
"03","Mauritius",0.001,2021-03-01
"04","Mauritius",0.001,2021-04-01
"05","Mauritius",0.001,2021-05-01
"06","Mauritius",0.001,2021-06-01
"07","Mauritius",0.002,2021-07-01
"08","Mauritius",0.005,2021-08-01
"09","Mauritius",0.011,2021-09-01
"10","Mauritius",0.014,2021-10-01
"11","Mauritius",0.033,2021-11-01
"12","Mauritius",0.05,2021-12-01
"01","Mexico",0.665,2021-01-01
"02","Mexico",0.809,2021-02-01
"03","Mexico",0.883,2021-03-01
"04","Mexico",0.934,2021-04-01
"05","Mexico",0.969,2021-05-01
"06","Mexico",1.003,2021-06-01
"07","Mexico",1.079,2021-07-01
"08","Mexico",1.266,2021-08-01
"09","Mexico",1.437,2021-09-01
"10","Mexico",1.524,2021-10-01
"11","Mexico",1.565,2021-11-01
"12","Mexico",1.597,2021-12-01
"01","Micronesia",0,2021-01-01
"02","Micronesia",0,2021-02-01
"03","Micronesia",0,2021-03-01
"04","Micronesia",0,2021-04-01
"05","Micronesia",0,2021-05-01
"06","Micronesia",0,2021-06-01
"07","Micronesia",0,2021-07-01
"08","Micronesia",0,2021-08-01
"09","Micronesia",0,2021-09-01
"10","Micronesia",0,2021-10-01
"11","Micronesia",0,2021-11-01
"12","Micronesia",0,2021-12-01
"01","Moldova",3.406,2021-01-01
"02","Moldova",3.831,2021-02-01
"03","Moldova",4.65,2021-03-01
"04","Moldova",5.438,2021-04-01
"05","Moldova",5.668,2021-05-01
"06","Moldova",5.721,2021-06-01
"07","Moldova",5.765,2021-07-01
"08","Moldova",5.878,2021-08-01
"09","Moldova",6.245,2021-09-01
"10","Moldova",7.062,2021-10-01
"11","Moldova",7.898,2021-11-01
"12","Moldova",8.29,2021-12-01
"01","Monaco",0.03,2021-01-01
"02","Monaco",0.045,2021-02-01
"03","Monaco",0.054,2021-03-01
"04","Monaco",0.061,2021-04-01
"05","Monaco",0.063,2021-05-01
"06","Monaco",0.065,2021-06-01
"07","Monaco",0.069,2021-07-01
"08","Monaco",0.078,2021-08-01
"09","Monaco",0.084,2021-09-01
"10","Monaco",0.086,2021-10-01
"11","Monaco",0.09,2021-11-01
"12","Monaco",0.11,2021-12-01
"01","Mongolia",0,2021-01-01
"02","Mongolia",0.001,2021-02-01
"03","Mongolia",0.001,2021-03-01
"04","Mongolia",0.006,2021-04-01
"05","Mongolia",0.015,2021-05-01
"06","Mongolia",0.026,2021-06-01
"07","Mongolia",0.044,2021-07-01
"08","Mongolia",0.057,2021-08-01
"09","Mongolia",0.088,2021-09-01
"10","Mongolia",0.148,2021-10-01
"11","Mongolia",0.195,2021-11-01
"12","Mongolia",0.209,2021-12-01
"01","Montenegro",0.088,2021-01-01
"02","Montenegro",0.11,2021-02-01
"03","Montenegro",0.134,2021-03-01
"04","Montenegro",0.151,2021-04-01
"05","Montenegro",0.157,2021-05-01
"06","Montenegro",0.159,2021-06-01
"07","Montenegro",0.16,2021-07-01
"08","Montenegro",0.171,2021-08-01
"09","Montenegro",0.197,2021-09-01
"10","Montenegro",0.219,2021-10-01
"11","Montenegro",0.242,2021-11-01
"12","Montenegro",0.257,2021-12-01
"01","Morocco",0.012,2021-01-01
"02","Morocco",0.013,2021-02-01
"03","Morocco",0.013,2021-03-01
"04","Morocco",0.014,2021-04-01
"05","Morocco",0.014,2021-05-01
"06","Morocco",0.014,2021-06-01
"07","Morocco",0.015,2021-07-01
"08","Morocco",0.021,2021-08-01
"09","Morocco",0.025,2021-09-01
"10","Morocco",0.025,2021-10-01
"11","Morocco",0.026,2021-11-01
"12","Morocco",0.026,2021-12-01
"01","Mozambique",0.001,2021-01-01
"02","Mozambique",0.002,2021-02-01
"03","Mozambique",0.002,2021-03-01
"04","Mozambique",0.002,2021-04-01
"05","Mozambique",0.002,2021-05-01
"06","Mozambique",0.002,2021-06-01
"07","Mozambique",0.003,2021-07-01
"08","Mozambique",0.004,2021-08-01
"09","Mozambique",0.005,2021-09-01
"10","Mozambique",0.005,2021-10-01
"11","Mozambique",0.005,2021-11-01
"12","Mozambique",0.005,2021-12-01
"01","Namibia",0.012,2021-01-01
"02","Namibia",0.014,2021-02-01
"03","Namibia",0.016,2021-03-01
"04","Namibia",0.018,2021-04-01
"05","Namibia",0.02,2021-05-01
"06","Namibia",0.027,2021-06-01
"07","Namibia",0.043,2021-07-01
"08","Namibia",0.048,2021-08-01
"09","Namibia",0.05,2021-09-01
"10","Namibia",0.051,2021-10-01
"11","Namibia",0.051,2021-11-01
"12","Namibia",0.054,2021-12-01
"01","Nauru",0,2021-01-01
"02","Nauru",0,2021-02-01
"03","Nauru",0,2021-03-01
"04","Nauru",0,2021-04-01
"05","Nauru",0,2021-05-01
"06","Nauru",0,2021-06-01
"07","Nauru",0,2021-07-01
"08","Nauru",0,2021-08-01
"09","Nauru",0,2021-09-01
"10","Nauru",0,2021-10-01
"11","Nauru",0,2021-11-01
"12","Nauru",0,2021-12-01
"01","Nepal",0.009,2021-01-01
"02","Nepal",0.009,2021-02-01
"03","Nepal",0.009,2021-03-01
"04","Nepal",0.01,2021-04-01
"05","Nepal",0.016,2021-05-01
"06","Nepal",0.021,2021-06-01
"07","Nepal",0.023,2021-07-01
"08","Nepal",0.025,2021-08-01
"09","Nepal",0.027,2021-09-01
"10","Nepal",0.028,2021-10-01
"11","Nepal",0.028,2021-11-01
"12","Nepal",0.028,2021-12-01
"01","Netherlands",0.987,2021-01-01
"02","Netherlands",1.127,2021-02-01
"03","Netherlands",1.284,2021-03-01
"04","Netherlands",1.52,2021-04-01
"05","Netherlands",1.74,2021-05-01
"06","Netherlands",1.826,2021-06-01
"07","Netherlands",1.94,2021-07-01
"08","Netherlands",2.081,2021-08-01
"09","Netherlands",2.162,2021-09-01
"10","Netherlands",2.249,2021-10-01
"11","Netherlands",2.587,2021-11-01
"12","Netherlands",3.199,2021-12-01
"01","New Zealand",0.166,2021-01-01
"02","New Zealand",0.172,2021-02-01
"03","New Zealand",0.18,2021-03-01
"04","New Zealand",0.19,2021-04-01
"05","New Zealand",0.196,2021-05-01
"06","New Zealand",0.2,2021-06-01
"07","New Zealand",0.207,2021-07-01
"08","New Zealand",0.225,2021-08-01
"09","New Zealand",0.295,2021-09-01
"10","New Zealand",0.381,2021-10-01
"11","New Zealand",0.677,2021-11-01
"12","New Zealand",0.972,2021-12-01
"01","Nicaragua",0.001,2021-01-01
"02","Nicaragua",0.001,2021-02-01
"03","Nicaragua",0.001,2021-03-01
"04","Nicaragua",0.001,2021-04-01
"05","Nicaragua",0.001,2021-05-01
"06","Nicaragua",0.001,2021-06-01
"07","Nicaragua",0.001,2021-07-01
"08","Nicaragua",0.001,2021-08-01
"09","Nicaragua",0.002,2021-09-01
"10","Nicaragua",0.002,2021-10-01
"11","Nicaragua",0.002,2021-11-01
"12","Nicaragua",0.002,2021-12-01
"01","Niger",0,2021-01-01
"02","Niger",0,2021-02-01
"03","Niger",0,2021-03-01
"04","Niger",0,2021-04-01
"05","Niger",0,2021-05-01
"06","Niger",0,2021-06-01
"07","Niger",0,2021-07-01
"08","Niger",0,2021-08-01
"09","Niger",0,2021-09-01
"10","Niger",0,2021-10-01
"11","Niger",0,2021-11-01
"12","Niger",0,2021-12-01
"01","Nigeria",0.024,2021-01-01
"02","Nigeria",0.032,2021-02-01
"03","Nigeria",0.035,2021-03-01
"04","Nigeria",0.035,2021-04-01
"05","Nigeria",0.036,2021-05-01
"06","Nigeria",0.036,2021-06-01
"07","Nigeria",0.037,2021-07-01
"08","Nigeria",0.04,2021-08-01
"09","Nigeria",0.043,2021-09-01
"10","Nigeria",0.045,2021-10-01
"11","Nigeria",0.046,2021-11-01
"12","Nigeria",0.049,2021-12-01
"01","North Macedonia",0.042,2021-01-01
"02","North Macedonia",0.047,2021-02-01
"03","North Macedonia",0.055,2021-03-01
"04","North Macedonia",0.069,2021-04-01
"05","North Macedonia",0.074,2021-05-01
"06","North Macedonia",0.075,2021-06-01
"07","North Macedonia",0.075,2021-07-01
"08","North Macedonia",0.079,2021-08-01
"09","North Macedonia",0.089,2021-09-01
"10","North Macedonia",0.095,2021-10-01
"11","North Macedonia",0.101,2021-11-01
"12","North Macedonia",0.106,2021-12-01
"01","Norway",0.011,2021-01-01
"02","Norway",0.012,2021-02-01
"03","Norway",0.015,2021-03-01
"04","Norway",0.02,2021-04-01
"05","Norway",0.022,2021-05-01
"06","Norway",0.024,2021-06-01
"07","Norway",0.025,2021-07-01
"08","Norway",0.027,2021-08-01
"09","Norway",0.033,2021-09-01
"10","Norway",0.036,2021-10-01
"11","Norway",0.043,2021-11-01
"12","Norway",0.062,2021-12-01
"01","Oman",0.026,2021-01-01
"02","Oman",0.027,2021-02-01
"03","Oman",0.029,2021-03-01
"04","Oman",0.035,2021-04-01
"05","Oman",0.04,2021-05-01
"06","Oman",0.047,2021-06-01
"07","Oman",0.056,2021-07-01
"08","Oman",0.059,2021-08-01
"09","Oman",0.059,2021-09-01
"10","Oman",0.06,2021-10-01
"11","Oman",0.06,2021-11-01
"12","Oman",0.06,2021-12-01
"01","Pakistan",0.122,2021-01-01
"02","Pakistan",0.133,2021-02-01
"03","Pakistan",0.145,2021-03-01
"04","Pakistan",0.176,2021-04-01
"05","Pakistan",0.207,2021-05-01
"06","Pakistan",0.222,2021-06-01
"07","Pakistan",0.232,2021-07-01
"08","Pakistan",0.259,2021-08-01
"09","Pakistan",0.285,2021-09-01
"10","Pakistan",0.297,2021-10-01
"11","Pakistan",0.301,2021-11-01
"12","Pakistan",0.303,2021-12-01
"01","Palau",0,2021-01-01
"02","Palau",0,2021-02-01
"03","Palau",0,2021-03-01
"04","Palau",0,2021-04-01
"05","Palau",0,2021-05-01
"06","Palau",0,2021-06-01
"07","Palau",0,2021-07-01
"08","Palau",0,2021-08-01
"09","Palau",0,2021-09-01
"10","Palau",0,2021-10-01
"11","Palau",0,2021-11-01
"12","Palau",0,2021-12-01
"01","Panama",0.067,2021-01-01
"02","Panama",0.077,2021-02-01
"03","Panama",0.081,2021-03-01
"04","Panama",0.083,2021-04-01
"05","Panama",0.086,2021-05-01
"06","Panama",0.09,2021-06-01
"07","Panama",0.097,2021-07-01
"08","Panama",0.104,2021-08-01
"09","Panama",0.107,2021-09-01
"10","Panama",0.109,2021-10-01
"11","Panama",0.11,2021-11-01
"12","Panama",0.112,2021-12-01
"01","Papua New Guinea",0,2021-01-01
"02","Papua New Guinea",0,2021-02-01
"03","Papua New Guinea",0,2021-03-01
"04","Papua New Guinea",0.001,2021-04-01
"05","Papua New Guinea",0.002,2021-05-01
"06","Papua New Guinea",0.002,2021-06-01
"07","Papua New Guinea",0.002,2021-07-01
"08","Papua New Guinea",0.002,2021-08-01
"09","Papua New Guinea",0.002,2021-09-01
"10","Papua New Guinea",0.003,2021-10-01
"11","Papua New Guinea",0.004,2021-11-01
"12","Papua New Guinea",0.004,2021-12-01
"01","Paraguay",0.017,2021-01-01
"02","Paraguay",0.02,2021-02-01
"03","Paraguay",0.026,2021-03-01
"04","Paraguay",0.034,2021-04-01
"05","Paraguay",0.044,2021-05-01
"06","Paraguay",0.055,2021-06-01
"07","Paraguay",0.062,2021-07-01
"08","Paraguay",0.064,2021-08-01
"09","Paraguay",0.064,2021-09-01
"10","Paraguay",0.065,2021-10-01
"11","Paraguay",0.065,2021-11-01
"12","Paraguay",0.065,2021-12-01
"01","Peru",1.776,2021-01-01
"02","Peru",2.063,2021-02-01
"03","Peru",2.395,2021-03-01
"04","Peru",2.812,2021-04-01
"05","Peru",3.154,2021-05-01
"06","Peru",3.367,2021-06-01
"07","Peru",3.497,2021-07-01
"08","Peru",3.575,2021-08-01
"09","Peru",3.625,2021-09-01
"10","Peru",3.667,2021-10-01
"11","Peru",3.715,2021-11-01
"12","Peru",3.788,2021-12-01
"01","Philippines",0.005,2021-01-01
"02","Philippines",0.005,2021-02-01
"03","Philippines",0.006,2021-03-01
"04","Philippines",0.008,2021-04-01
"05","Philippines",0.01,2021-05-01
"06","Philippines",0.012,2021-06-01
"07","Philippines",0.014,2021-07-01
"08","Philippines",0.016,2021-08-01
"09","Philippines",0.021,2021-09-01
"10","Philippines",0.025,2021-10-01
"11","Philippines",0.026,2021-11-01
"12","Philippines",0.026,2021-12-01
"01","Poland",0.714,2021-01-01
"02","Poland",0.804,2021-02-01
"03","Poland",0.991,2021-03-01
"04","Poland",1.318,2021-04-01
"05","Poland",1.432,2021-05-01
"06","Poland",1.448,2021-06-01
"07","Poland",1.45,2021-07-01
"08","Poland",1.452,2021-08-01
"09","Poland",1.457,2021-09-01
"10","Poland",1.483,2021-10-01
"11","Poland",1.637,2021-11-01
"12","Poland",1.951,2021-12-01
"01","Portugal",0.054,2021-01-01
"02","Portugal",0.076,2021-02-01
"03","Portugal",0.08,2021-03-01
"04","Portugal",0.081,2021-04-01
"05","Portugal",0.083,2021-05-01
"06","Portugal",0.084,2021-06-01
"07","Portugal",0.091,2021-07-01
"08","Portugal",0.099,2021-08-01
"09","Portugal",0.104,2021-09-01
"10","Portugal",0.106,2021-10-01
"11","Portugal",0.109,2021-11-01
"12","Portugal",0.12,2021-12-01
"01","Qatar",0.051,2021-01-01
"02","Qatar",0.055,2021-02-01
"03","Qatar",0.06,2021-03-01
"04","Qatar",0.067,2021-04-01
"05","Qatar",0.074,2021-05-01
"06","Qatar",0.076,2021-06-01
"07","Qatar",0.078,2021-07-01
"08","Qatar",0.08,2021-08-01
"09","Qatar",0.082,2021-09-01
"10","Qatar",0.083,2021-10-01
"11","Qatar",0.084,2021-11-01
"12","Qatar",0.085,2021-12-01
"01","Romania",1.886,2021-01-01
"02","Romania",2.099,2021-02-01
"03","Romania",2.399,2021-03-01
"04","Romania",2.792,2021-04-01
"05","Romania",2.94,2021-05-01
"06","Romania",2.966,2021-06-01
"07","Romania",2.972,2021-07-01
"08","Romania",2.991,2021-08-01
"09","Romania",3.144,2021-09-01
"10","Romania",3.97,2021-10-01
"11","Romania",4.773,2021-11-01
"12","Romania",4.932,2021-12-01
"01","Russia",5.595,2021-01-01
"02","Russia",6.439,2021-02-01
"03","Russia",6.971,2021-03-01
"04","Russia",7.402,2021-04-01
"05","Russia",7.813,2021-05-01
"06","Russia",8.321,2021-06-01
"07","Russia",9.33,2021-07-01
"08","Russia",10.438,2021-08-01
"09","Russia",11.371,2021-09-01
"10","Russia",12.575,2021-10-01
"11","Russia",14.335,2021-11-01
"12","Russia",15.9,2021-12-01
"01","Rwanda",0.001,2021-01-01
"02","Rwanda",0.001,2021-02-01
"03","Rwanda",0.002,2021-03-01
"04","Rwanda",0.002,2021-04-01
"05","Rwanda",0.002,2021-05-01
"06","Rwanda",0.002,2021-06-01
"07","Rwanda",0.004,2021-07-01
"08","Rwanda",0.006,2021-08-01
"09","Rwanda",0.007,2021-09-01
"10","Rwanda",0.008,2021-10-01
"11","Rwanda",0.008,2021-11-01
"12","Rwanda",0.008,2021-12-01
"01","Saint Kitts and Nevis",0.001,2021-01-01
"02","Saint Kitts and Nevis",0.001,2021-02-01
"03","Saint Kitts and Nevis",0.001,2021-03-01
"04","Saint Kitts and Nevis",0.001,2021-04-01
"05","Saint Kitts and Nevis",0.001,2021-05-01
"06","Saint Kitts and Nevis",0.005,2021-06-01
"07","Saint Kitts and Nevis",0.01,2021-07-01
"08","Saint Kitts and Nevis",0.014,2021-08-01
"09","Saint Kitts and Nevis",0.029,2021-09-01
"10","Saint Kitts and Nevis",0.046,2021-10-01
"11","Saint Kitts and Nevis",0.052,2021-11-01
"12","Saint Kitts and Nevis",0.053,2021-12-01
"01","Saint Lucia",0.004,2021-01-01
"02","Saint Lucia",0.013,2021-02-01
"03","Saint Lucia",0.022,2021-03-01
"04","Saint Lucia",0.024,2021-04-01
"05","Saint Lucia",0.026,2021-05-01
"06","Saint Lucia",0.028,2021-06-01
"07","Saint Lucia",0.03,2021-07-01
"08","Saint Lucia",0.036,2021-08-01
"09","Saint Lucia",0.055,2021-09-01
"10","Saint Lucia",0.066,2021-10-01
"11","Saint Lucia",0.07,2021-11-01
"12","Saint Lucia",0.072,2021-12-01
"01","Saint Vincent and the Grenadines",0.004,2021-01-01
"02","Saint Vincent and the Grenadines",0.012,2021-02-01
"03","Saint Vincent and the Grenadines",0.015,2021-03-01
"04","Saint Vincent and the Grenadines",0.016,2021-04-01
"05","Saint Vincent and the Grenadines",0.018,2021-05-01
"06","Saint Vincent and the Grenadines",0.019,2021-06-01
"07","Saint Vincent and the Grenadines",0.02,2021-07-01
"08","Saint Vincent and the Grenadines",0.021,2021-08-01
"09","Saint Vincent and the Grenadines",0.025,2021-09-01
"10","Saint Vincent and the Grenadines",0.039,2021-10-01
"11","Saint Vincent and the Grenadines",0.048,2021-11-01
"12","Saint Vincent and the Grenadines",0.052,2021-12-01
"01","Samoa",0,2021-01-01
"02","Samoa",0,2021-02-01
"03","Samoa",0,2021-03-01
"04","Samoa",0,2021-04-01
"05","Samoa",0,2021-05-01
"06","Samoa",0,2021-06-01
"07","Samoa",0,2021-07-01
"08","Samoa",0,2021-08-01
"09","Samoa",0,2021-09-01
"10","Samoa",0,2021-10-01
"11","Samoa",0,2021-11-01
"12","Samoa",0,2021-12-01
"01","San Marino",0.08,2021-01-01
"02","San Marino",0.098,2021-02-01
"03","San Marino",0.124,2021-03-01
"04","San Marino",0.146,2021-04-01
"05","San Marino",0.15,2021-05-01
"06","San Marino",0.15,2021-06-01
"07","San Marino",0.15,2021-07-01
"08","San Marino",0.154,2021-08-01
"09","San Marino",0.159,2021-09-01
"10","San Marino",0.162,2021-10-01
"11","San Marino",0.169,2021-11-01
"12","San Marino",0.203,2021-12-01
"01","Sao Tome and Principe",0.005,2021-01-01
"02","Sao Tome and Principe",0.007,2021-02-01
"03","Sao Tome and Principe",0.009,2021-03-01
"04","Sao Tome and Principe",0.01,2021-04-01
"05","Sao Tome and Principe",0.011,2021-05-01
"06","Sao Tome and Principe",0.011,2021-06-01
"07","Sao Tome and Principe",0.011,2021-07-01
"08","Sao Tome and Principe",0.011,2021-08-01
"09","Sao Tome and Principe",0.014,2021-09-01
"10","Sao Tome and Principe",0.017,2021-10-01
"11","Sao Tome and Principe",0.017,2021-11-01
"12","Sao Tome and Principe",0.017,2021-12-01
"01","Saudi Arabia",0.01,2021-01-01
"02","Saudi Arabia",0.011,2021-02-01
"03","Saudi Arabia",0.011,2021-03-01
"04","Saudi Arabia",0.012,2021-04-01
"05","Saudi Arabia",0.012,2021-05-01
"06","Saudi Arabia",0.013,2021-06-01
"07","Saudi Arabia",0.015,2021-07-01
"08","Saudi Arabia",0.015,2021-08-01
"09","Saudi Arabia",0.016,2021-09-01
"10","Saudi Arabia",0.016,2021-10-01
"11","Saudi Arabia",0.016,2021-11-01
"12","Saudi Arabia",0.016,2021-12-01
"01","Senegal",0.001,2021-01-01
"02","Senegal",0.002,2021-02-01
"03","Senegal",0.002,2021-03-01
"04","Senegal",0.002,2021-04-01
"05","Senegal",0.002,2021-05-01
"06","Senegal",0.003,2021-06-01
"07","Senegal",0.003,2021-07-01
"08","Senegal",0.004,2021-08-01
"09","Senegal",0.004,2021-09-01
"10","Senegal",0.004,2021-10-01
"11","Senegal",0.004,2021-11-01
"12","Senegal",0.004,2021-12-01
"01","Serbia",0.042,2021-01-01
"02","Serbia",0.049,2021-02-01
"03","Serbia",0.06,2021-03-01
"04","Serbia",0.075,2021-04-01
"05","Serbia",0.081,2021-05-01
"06","Serbia",0.082,2021-06-01
"07","Serbia",0.082,2021-07-01
"08","Serbia",0.084,2021-08-01
"09","Serbia",0.097,2021-09-01
"10","Serbia",0.12,2021-10-01
"11","Serbia",0.139,2021-11-01
"12","Serbia",0.146,2021-12-01
"01","Seychelles",0.007,2021-01-01
"02","Seychelles",0.019,2021-02-01
"03","Seychelles",0.034,2021-03-01
"04","Seychelles",0.048,2021-04-01
"05","Seychelles",0.094,2021-05-01
"06","Seychelles",0.139,2021-06-01
"07","Seychelles",0.175,2021-07-01
"08","Seychelles",0.195,2021-08-01
"09","Seychelles",0.211,2021-09-01
"10","Seychelles",0.223,2021-10-01
"11","Seychelles",0.231,2021-11-01
"12","Seychelles",0.244,2021-12-01
"01","Sierra Leone",0,2021-01-01
"02","Sierra Leone",0,2021-02-01
"03","Sierra Leone",0,2021-03-01
"04","Sierra Leone",0.001,2021-04-01
"05","Sierra Leone",0.001,2021-05-01
"06","Sierra Leone",0.001,2021-06-01
"07","Sierra Leone",0.001,2021-07-01
"08","Sierra Leone",0.001,2021-08-01
"09","Sierra Leone",0.001,2021-09-01
"10","Sierra Leone",0.001,2021-10-01
"11","Sierra Leone",0.001,2021-11-01
"12","Sierra Leone",0.001,2021-12-01
"01","Singapore",0.01,2021-01-01
"02","Singapore",0.01,2021-02-01
"03","Singapore",0.01,2021-03-01
"04","Singapore",0.01,2021-04-01
"05","Singapore",0.011,2021-05-01
"06","Singapore",0.011,2021-06-01
"07","Singapore",0.011,2021-07-01
"08","Singapore",0.011,2021-08-01
"09","Singapore",0.013,2021-09-01
"10","Singapore",0.025,2021-10-01
"11","Singapore",0.041,2021-11-01
"12","Singapore",0.047,2021-12-01
"01","Slovakia",0.49,2021-01-01
"02","Slovakia",0.697,2021-02-01
"03","Slovakia",0.894,2021-03-01
"04","Slovakia",0.998,2021-04-01
"05","Slovakia",1.039,2021-05-01
"06","Slovakia",1.051,2021-06-01
"07","Slovakia",1.054,2021-07-01
"08","Slovakia",1.057,2021-08-01
"09","Slovakia",1.073,2021-09-01
"10","Slovakia",1.142,2021-10-01
"11","Slovakia",1.393,2021-11-01
"12","Slovakia",1.764,2021-12-01
"01","Slovenia",0.07,2021-01-01
"02","Slovenia",0.086,2021-02-01
"03","Slovenia",0.097,2021-03-01
"04","Slovenia",0.11,2021-04-01
"05","Slovenia",0.12,2021-05-01
"06","Slovenia",0.123,2021-06-01
"07","Slovenia",0.124,2021-07-01
"08","Slovenia",0.126,2021-08-01
"09","Slovenia",0.135,2021-09-01
"10","Slovenia",0.149,2021-10-01
"11","Slovenia",0.184,2021-11-01
"12","Slovenia",0.214,2021-12-01
"01","Solomon Islands",0,2021-01-01
"02","Solomon Islands",0,2021-02-01
"03","Solomon Islands",0,2021-03-01
"04","Solomon Islands",0,2021-04-01
"05","Solomon Islands",0,2021-05-01
"06","Solomon Islands",0,2021-06-01
"07","Solomon Islands",0,2021-07-01
"08","Solomon Islands",0,2021-08-01
"09","Solomon Islands",0,2021-09-01
"10","Solomon Islands",0,2021-10-01
"11","Solomon Islands",0,2021-11-01
"12","Solomon Islands",0,2021-12-01
"01","Somalia",0,2021-01-01
"02","Somalia",0,2021-02-01
"03","Somalia",0.001,2021-03-01
"04","Somalia",0.001,2021-04-01
"05","Somalia",0.001,2021-05-01
"06","Somalia",0.001,2021-06-01
"07","Somalia",0.001,2021-07-01
"08","Somalia",0.001,2021-08-01
"09","Somalia",0.001,2021-09-01
"10","Somalia",0.001,2021-10-01
"11","Somalia",0.001,2021-11-01
"12","Somalia",0.001,2021-12-01
"01","South Africa",0.022,2021-01-01
"02","South Africa",0.025,2021-02-01
"03","South Africa",0.026,2021-03-01
"04","South Africa",0.026,2021-04-01
"05","South Africa",0.027,2021-05-01
"06","South Africa",0.03,2021-06-01
"07","South Africa",0.038,2021-07-01
"08","South Africa",0.044,2021-08-01
"09","South Africa",0.048,2021-09-01
"10","South Africa",0.049,2021-10-01
"11","South Africa",0.049,2021-11-01
"12","South Africa",0.055,2021-12-01
"01","South Sudan",0,2021-01-01
"02","South Sudan",0.001,2021-02-01
"03","South Sudan",0.001,2021-03-01
"04","South Sudan",0.001,2021-04-01
"05","South Sudan",0.001,2021-05-01
"06","South Sudan",0.001,2021-06-01
"07","South Sudan",0.001,2021-07-01
"08","South Sudan",0.001,2021-08-01
"09","South Sudan",0.001,2021-09-01
"10","South Sudan",0.001,2021-10-01
"11","South Sudan",0.001,2021-11-01
"12","South Sudan",0.001,2021-12-01
"01","Spain",4.253,2021-01-01
"02","Spain",5.66,2021-02-01
"03","Spain",5.932,2021-03-01
"04","Spain",6.295,2021-04-01
"05","Spain",6.682,2021-05-01
"06","Spain",6.934,2021-06-01
"07","Spain",7.599,2021-07-01
"08","Spain",8.708,2021-08-01
"09","Spain",9.11,2021-09-01
"10","Spain",9.235,2021-10-01
"11","Spain",9.389,2021-11-01
"12","Spain",10.219,2021-12-01
"01","Sri Lanka",0.002,2021-01-01
"02","Sri Lanka",0.004,2021-02-01
"03","Sri Lanka",0.004,2021-03-01
"04","Sri Lanka",0.005,2021-04-01
"05","Sri Lanka",0.007,2021-05-01
"06","Sri Lanka",0.011,2021-06-01
"07","Sri Lanka",0.013,2021-07-01
"08","Sri Lanka",0.017,2021-08-01
"09","Sri Lanka",0.023,2021-09-01
"10","Sri Lanka",0.025,2021-10-01
"11","Sri Lanka",0.026,2021-11-01
"12","Sri Lanka",0.027,2021-12-01
"01","Sudan",0.001,2021-01-01
"02","Sudan",0.001,2021-02-01
"03","Sudan",0.001,2021-03-01
"04","Sudan",0.001,2021-04-01
"05","Sudan",0.001,2021-05-01
"06","Sudan",0.001,2021-06-01
"07","Sudan",0.001,2021-07-01
"08","Sudan",0.001,2021-08-01
"09","Sudan",0.001,2021-09-01
"10","Sudan",0.001,2021-10-01
"11","Sudan",0.001,2021-11-01
"12","Sudan",0.001,2021-12-01
"01","Suriname",0.013,2021-01-01
"02","Suriname",0.015,2021-02-01
"03","Suriname",0.015,2021-03-01
"04","Suriname",0.016,2021-04-01
"05","Suriname",0.021,2021-05-01
"06","Suriname",0.032,2021-06-01
"07","Suriname",0.041,2021-07-01
"08","Suriname",0.046,2021-08-01
"09","Suriname",0.06,2021-09-01
"10","Suriname",0.078,2021-10-01
"11","Suriname",0.085,2021-11-01
"12","Suriname",0.088,2021-12-01
"01","Sweden",1.977,2021-01-01
"02","Sweden",2.361,2021-02-01
"03","Sweden",2.798,2021-03-01
"04","Sweden",3.415,2021-04-01
"05","Sweden",3.97,2021-05-01
"06","Sweden",4.163,2021-06-01
"07","Sweden",4.206,2021-07-01
"08","Sweden",4.275,2021-08-01
"09","Sweden",4.386,2021-09-01
"10","Sweden",4.466,2021-10-01
"11","Sweden",4.557,2021-11-01
"12","Sweden",4.798,2021-12-01
"01","Switzerland",0.057,2021-01-01
"02","Switzerland",0.063,2021-02-01
"03","Switzerland",0.067,2021-03-01
"04","Switzerland",0.073,2021-04-01
"05","Switzerland",0.079,2021-05-01
"06","Switzerland",0.081,2021-06-01
"07","Switzerland",0.082,2021-07-01
"08","Switzerland",0.086,2021-08-01
"09","Switzerland",0.094,2021-09-01
"10","Switzerland",0.099,2021-10-01
"11","Switzerland",0.107,2021-11-01
"12","Switzerland",0.134,2021-12-01
"01","Syria",0.001,2021-01-01
"02","Syria",0.001,2021-02-01
"03","Syria",0.001,2021-03-01
"04","Syria",0.001,2021-04-01
"05","Syria",0.001,2021-05-01
"06","Syria",0.001,2021-06-01
"07","Syria",0.001,2021-07-01
"08","Syria",0.002,2021-08-01
"09","Syria",0.002,2021-09-01
"10","Syria",0.002,2021-10-01
"11","Syria",0.003,2021-11-01
"12","Syria",0.003,2021-12-01
"01","Taiwan*",0,2021-01-01
"02","Taiwan*",0,2021-02-01
"03","Taiwan*",0,2021-03-01
"04","Taiwan*",0,2021-04-01
"05","Taiwan*",0,2021-05-01
"06","Taiwan*",0.001,2021-06-01
"07","Taiwan*",0.001,2021-07-01
"08","Taiwan*",0.001,2021-08-01
"09","Taiwan*",0.001,2021-09-01
"10","Taiwan*",0.001,2021-10-01
"11","Taiwan*",0.001,2021-11-01
"12","Taiwan*",0.001,2021-12-01
"01","Tajikistan",0.001,2021-01-01
"02","Tajikistan",0.001,2021-02-01
"03","Tajikistan",0.001,2021-03-01
"04","Tajikistan",0.001,2021-04-01
"05","Tajikistan",0.001,2021-05-01
"06","Tajikistan",0.001,2021-06-01
"07","Tajikistan",0.002,2021-07-01
"08","Tajikistan",0.002,2021-08-01
"09","Tajikistan",0.002,2021-09-01
"10","Tajikistan",0.002,2021-10-01
"11","Tajikistan",0.002,2021-11-01
"12","Tajikistan",0.002,2021-12-01
"01","Tanzania",0,2021-01-01
"02","Tanzania",0,2021-02-01
"03","Tanzania",0,2021-03-01
"04","Tanzania",0,2021-04-01
"05","Tanzania",0,2021-05-01
"06","Tanzania",0,2021-06-01
"07","Tanzania",0,2021-07-01
"08","Tanzania",0,2021-08-01
"09","Tanzania",0,2021-09-01
"10","Tanzania",0,2021-10-01
"11","Tanzania",0,2021-11-01
"12","Tanzania",0,2021-12-01
"01","Thailand",0,2021-01-01
"02","Thailand",0,2021-02-01
"03","Thailand",0,2021-03-01
"04","Thailand",0.001,2021-04-01
"05","Thailand",0.002,2021-05-01
"06","Thailand",0.003,2021-06-01
"07","Thailand",0.006,2021-07-01
"08","Thailand",0.013,2021-08-01
"09","Thailand",0.02,2021-09-01
"10","Thailand",0.025,2021-10-01
"11","Thailand",0.029,2021-11-01
"12","Thailand",0.031,2021-12-01
"01","Timor-Leste",0,2021-01-01
"02","Timor-Leste",0,2021-02-01
"03","Timor-Leste",0,2021-03-01
"04","Timor-Leste",0.001,2021-04-01
"05","Timor-Leste",0.003,2021-05-01
"06","Timor-Leste",0.006,2021-06-01
"07","Timor-Leste",0.008,2021-07-01
"08","Timor-Leste",0.01,2021-08-01
"09","Timor-Leste",0.014,2021-09-01
"10","Timor-Leste",0.015,2021-10-01
"11","Timor-Leste",0.015,2021-11-01
"12","Timor-Leste",0.015,2021-12-01
"01","Togo",0.001,2021-01-01
"02","Togo",0.001,2021-02-01
"03","Togo",0.001,2021-03-01
"04","Togo",0.001,2021-04-01
"05","Togo",0.002,2021-05-01
"06","Togo",0.002,2021-06-01
"07","Togo",0.002,2021-07-01
"08","Togo",0.002,2021-08-01
"09","Togo",0.003,2021-09-01
"10","Togo",0.003,2021-10-01
"11","Togo",0.003,2021-11-01
"12","Togo",0.003,2021-12-01
"01","Tonga",0,2021-01-01
"02","Tonga",0,2021-02-01
"03","Tonga",0,2021-03-01
"04","Tonga",0,2021-04-01
"05","Tonga",0,2021-05-01
"06","Tonga",0,2021-06-01
"07","Tonga",0,2021-07-01
"08","Tonga",0,2021-08-01
"09","Tonga",0,2021-09-01
"10","Tonga",0,2021-10-01
"11","Tonga",0,2021-11-01
"12","Tonga",0,2021-12-01
"01","Trinidad and Tobago",0.005,2021-01-01
"02","Trinidad and Tobago",0.005,2021-02-01
"03","Trinidad and Tobago",0.006,2021-03-01
"04","Trinidad and Tobago",0.006,2021-04-01
"05","Trinidad and Tobago",0.012,2021-05-01
"06","Trinidad and Tobago",0.021,2021-06-01
"07","Trinidad and Tobago",0.026,2021-07-01
"08","Trinidad and Tobago",0.03,2021-08-01
"09","Trinidad and Tobago",0.034,2021-09-01
"10","Trinidad and Tobago",0.039,2021-10-01
"11","Trinidad and Tobago",0.045,2021-11-01
"12","Trinidad and Tobago",0.059,2021-12-01
"01","Tunisia",0.015,2021-01-01
"02","Tunisia",0.019,2021-02-01
"03","Tunisia",0.021,2021-03-01
"04","Tunisia",0.024,2021-04-01
"05","Tunisia",0.028,2021-05-01
"06","Tunisia",0.032,2021-06-01
"07","Tunisia",0.044,2021-07-01
"08","Tunisia",0.053,2021-08-01
"09","Tunisia",0.058,2021-09-01
"10","Tunisia",0.06,2021-10-01
"11","Tunisia",0.061,2021-11-01
"12","Tunisia",0.061,2021-12-01
"01","Turkey",0.028,2021-01-01
"02","Turkey",0.031,2021-02-01
"03","Turkey",0.035,2021-03-01
"04","Turkey",0.049,2021-04-01
"05","Turkey",0.06,2021-05-01
"06","Turkey",0.063,2021-06-01
"07","Turkey",0.066,2021-07-01
"08","Turkey",0.072,2021-08-01
"09","Turkey",0.08,2021-09-01
"10","Turkey",0.09,2021-10-01
"11","Turkey",0.1,2021-11-01
"12","Turkey",0.108,2021-12-01
"01","Tuvalu",0,2021-01-01
"02","Tuvalu",0,2021-02-01
"03","Tuvalu",0,2021-03-01
"04","Tuvalu",0,2021-04-01
"05","Tuvalu",0,2021-05-01
"06","Tuvalu",0,2021-06-01
"07","Tuvalu",0,2021-07-01
"08","Tuvalu",0,2021-08-01
"09","Tuvalu",0,2021-09-01
"10","Tuvalu",0,2021-10-01
"11","Tuvalu",0,2021-11-01
"12","Tuvalu",0,2021-12-01
"01","Uganda",0.001,2021-01-01
"02","Uganda",0.001,2021-02-01
"03","Uganda",0.001,2021-03-01
"04","Uganda",0.001,2021-04-01
"05","Uganda",0.001,2021-05-01
"06","Uganda",0.001,2021-06-01
"07","Uganda",0.002,2021-07-01
"08","Uganda",0.002,2021-08-01
"09","Uganda",0.003,2021-09-01
"10","Uganda",0.003,2021-10-01
"11","Uganda",0.003,2021-11-01
"12","Uganda",0.003,2021-12-01
"01","Ukraine",0.848,2021-01-01
"02","Ukraine",0.946,2021-02-01
"03","Ukraine",1.106,2021-03-01
"04","Ukraine",1.398,2021-04-01
"05","Ukraine",1.578,2021-05-01
"06","Ukraine",1.636,2021-06-01
"07","Ukraine",1.658,2021-07-01
"08","Ukraine",1.688,2021-08-01
"09","Ukraine",1.749,2021-09-01
"10","Ukraine",1.979,2021-10-01
"11","Ukraine",2.416,2021-11-01
"12","Ukraine",2.687,2021-12-01
"01","United Arab Emirates",0.025,2021-01-01
"02","United Arab Emirates",0.035,2021-02-01
"03","United Arab Emirates",0.043,2021-03-01
"04","United Arab Emirates",0.05,2021-04-01
"05","United Arab Emirates",0.055,2021-05-01
"06","United Arab Emirates",0.061,2021-06-01
"07","United Arab Emirates",0.067,2021-07-01
"08","United Arab Emirates",0.071,2021-08-01
"09","United Arab Emirates",0.074,2021-09-01
"10","United Arab Emirates",0.075,2021-10-01
"11","United Arab Emirates",0.075,2021-11-01
"12","United Arab Emirates",0.075,2021-12-01
"01","Uruguay",0.009,2021-01-01
"02","Uruguay",0.014,2021-02-01
"03","Uruguay",0.022,2021-03-01
"04","Uruguay",0.045,2021-04-01
"05","Uruguay",0.07,2021-05-01
"06","Uruguay",0.098,2021-06-01
"07","Uruguay",0.109,2021-07-01
"08","Uruguay",0.11,2021-08-01
"09","Uruguay",0.111,2021-09-01
"10","Uruguay",0.113,2021-10-01
"11","Uruguay",0.114,2021-11-01
"12","Uruguay",0.116,2021-12-01
"01","US",2266.762,2021-01-01
"02","US",2656.079,2021-02-01
"03","US",2839.739,2021-03-01
"04","US",3023.781,2021-04-01
"05","US",3159.773,2021-05-01
"06","US",3215.082,2021-06-01
"07","US",3276.583,2021-07-01
"08","US",3553.19,2021-08-01
"09","US",3988.304,2021-09-01
"10","US",4300.005,2021-10-01
"11","US",4529.613,2021-11-01
"12","US",4873.253,2021-12-01
"01","Uzbekistan",0.002,2021-01-01
"02","Uzbekistan",0.002,2021-02-01
"03","Uzbekistan",0.002,2021-03-01
"04","Uzbekistan",0.003,2021-04-01
"05","Uzbekistan",0.003,2021-05-01
"06","Uzbekistan",0.003,2021-06-01
"07","Uzbekistan",0.004,2021-07-01
"08","Uzbekistan",0.004,2021-08-01
"09","Uzbekistan",0.005,2021-09-01
"10","Uzbekistan",0.005,2021-10-01
"11","Uzbekistan",0.006,2021-11-01
"12","Uzbekistan",0.006,2021-12-01
"01","Vanuatu",0,2021-01-01
"02","Vanuatu",0,2021-02-01
"03","Vanuatu",0,2021-03-01
"04","Vanuatu",0,2021-04-01
"05","Vanuatu",0,2021-05-01
"06","Vanuatu",0,2021-06-01
"07","Vanuatu",0,2021-07-01
"08","Vanuatu",0,2021-08-01
"09","Vanuatu",0,2021-09-01
"10","Vanuatu",0,2021-10-01
"11","Vanuatu",0,2021-11-01
"12","Vanuatu",0,2021-12-01
"01","Venezuela",0.004,2021-01-01
"02","Venezuela",0.005,2021-02-01
"03","Venezuela",0.005,2021-03-01
"04","Venezuela",0.006,2021-04-01
"05","Venezuela",0.008,2021-05-01
"06","Venezuela",0.009,2021-06-01
"07","Venezuela",0.01,2021-07-01
"08","Venezuela",0.011,2021-08-01
"09","Venezuela",0.012,2021-09-01
"10","Venezuela",0.014,2021-10-01
"11","Venezuela",0.015,2021-11-01
"12","Venezuela",0.015,2021-12-01
"01","Vietnam",0,2021-01-01
"02","Vietnam",0,2021-02-01
"03","Vietnam",0,2021-03-01
"04","Vietnam",0,2021-04-01
"05","Vietnam",0,2021-05-01
"06","Vietnam",0,2021-06-01
"07","Vietnam",0.001,2021-07-01
"08","Vietnam",0.003,2021-08-01
"09","Vietnam",0.007,2021-09-01
"10","Vietnam",0.009,2021-10-01
"11","Vietnam",0.011,2021-11-01
"12","Vietnam",0.015,2021-12-01
"01","West Bank and Gaza",0.03,2021-01-01
"02","West Bank and Gaza",0.033,2021-02-01
"03","West Bank and Gaza",0.042,2021-03-01
"04","West Bank and Gaza",0.054,2021-04-01
"05","West Bank and Gaza",0.059,2021-05-01
"06","West Bank and Gaza",0.061,2021-06-01
"07","West Bank and Gaza",0.062,2021-07-01
"08","West Bank and Gaza",0.064,2021-08-01
"09","West Bank and Gaza",0.074,2021-09-01
"10","West Bank and Gaza",0.086,2021-10-01
"11","West Bank and Gaza",0.09,2021-11-01
"12","West Bank and Gaza",0.091,2021-12-01
"01","Yemen",0,2021-01-01
"02","Yemen",0,2021-02-01
"03","Yemen",0,2021-03-01
"04","Yemen",0,2021-04-01
"05","Yemen",0,2021-05-01
"06","Yemen",0,2021-06-01
"07","Yemen",0,2021-07-01
"08","Yemen",0,2021-08-01
"09","Yemen",0,2021-09-01
"10","Yemen",0,2021-10-01
"11","Yemen",0,2021-11-01
"12","Yemen",0,2021-12-01
"01","Zambia",0.002,2021-01-01
"02","Zambia",0.004,2021-02-01
"03","Zambia",0.005,2021-03-01
"04","Zambia",0.005,2021-04-01
"05","Zambia",0.005,2021-05-01
"06","Zambia",0.007,2021-06-01
"07","Zambia",0.01,2021-07-01
"08","Zambia",0.011,2021-08-01
"09","Zambia",0.011,2021-09-01
"10","Zambia",0.011,2021-10-01
"11","Zambia",0.011,2021-11-01
"12","Zambia",0.012,2021-12-01
"01","Zimbabwe",0.002,2021-01-01
"02","Zimbabwe",0.002,2021-02-01
"03","Zimbabwe",0.002,2021-03-01
"04","Zimbabwe",0.003,2021-04-01
"05","Zimbabwe",0.003,2021-05-01
"06","Zimbabwe",0.003,2021-06-01
"07","Zimbabwe",0.005,2021-07-01
"08","Zimbabwe",0.008,2021-08-01
"09","Zimbabwe",0.009,2021-09-01
"10","Zimbabwe",0.009,2021-10-01
"11","Zimbabwe",0.009,2021-11-01
"12","Zimbabwe",0.012,2021-12-01
