"country","date","month","year","covid_rate","death_rate"
"Afghanistan",Apr 2021,"04","2021",0.001,0
"Afghanistan",Aug 2021,"08","2021",0.004,0
"Afghanistan",Dec 2021,"12","2021",0.004,0
"Afghanistan",Feb 2021,"02","2021",0.001,0
"Afghanistan",Jan 2021,"01","2021",0.001,0
"Afghanistan",Jul 2021,"07","2021",0.004,0
"Afghanistan",Jun 2021,"06","2021",0.002,0
"Afghanistan",Mar 2021,"03","2021",0.001,0
"Afghanistan",May 2021,"05","2021",0.002,0
"Afghanistan",Nov 2021,"11","2021",0.004,0
"Afghanistan",Oct 2021,"10","2021",0.004,0
"Afghanistan",Sep 2021,"09","2021",0.004,0
"Albania",Apr 2021,"04","2021",0.045,0.001
"Albania",Aug 2021,"08","2021",0.048,0.001
"Albania",Dec 2021,"12","2021",0.071,0.001
"Albania",Feb 2021,"02","2021",0.032,0.001
"Albania",Jan 2021,"01","2021",0.023,0
"Albania",Jul 2021,"07","2021",0.046,0.001
"Albania",Jun 2021,"06","2021",0.046,0.001
"Albania",Mar 2021,"03","2021",0.041,0.001
"Albania",May 2021,"05","2021",0.046,0.001
"Albania",Nov 2021,"11","2021",0.067,0.001
"Albania",Oct 2021,"10","2021",0.062,0.001
"Albania",Sep 2021,"09","2021",0.055,0.001
"Algeria",Apr 2021,"04","2021",0.003,0
"Algeria",Aug 2021,"08","2021",0.004,0
"Algeria",Dec 2021,"12","2021",0.005,0
"Algeria",Feb 2021,"02","2021",0.003,0
"Algeria",Jan 2021,"01","2021",0.002,0
"Algeria",Jul 2021,"07","2021",0.003,0
"Algeria",Jun 2021,"06","2021",0.003,0
"Algeria",Mar 2021,"03","2021",0.003,0
"Algeria",May 2021,"05","2021",0.003,0
"Algeria",Nov 2021,"11","2021",0.005,0
"Algeria",Oct 2021,"10","2021",0.005,0
"Algeria",Sep 2021,"09","2021",0.005,0
"Andorra",Apr 2021,"04","2021",0.164,0.002
"Andorra",Aug 2021,"08","2021",0.193,0.002
"Andorra",Dec 2021,"12","2021",0.263,0.002
"Andorra",Feb 2021,"02","2021",0.136,0.001
"Andorra",Jan 2021,"01","2021",0.117,0.001
"Andorra",Jul 2021,"07","2021",0.185,0.002
"Andorra",Jun 2021,"06","2021",0.179,0.002
"Andorra",Mar 2021,"03","2021",0.147,0.001
"Andorra",May 2021,"05","2021",0.175,0.002
"Andorra",Nov 2021,"11","2021",0.208,0.002
"Andorra",Oct 2021,"10","2021",0.199,0.002
"Andorra",Sep 2021,"09","2021",0.196,0.002
"Angola",Apr 2021,"04","2021",0.001,0
"Angola",Aug 2021,"08","2021",0.001,0
"Angola",Dec 2021,"12","2021",0.002,0
"Angola",Feb 2021,"02","2021",0.001,0
"Angola",Jan 2021,"01","2021",0.001,0
"Angola",Jul 2021,"07","2021",0.001,0
"Angola",Jun 2021,"06","2021",0.001,0
"Angola",Mar 2021,"03","2021",0.001,0
"Angola",May 2021,"05","2021",0.001,0
"Angola",Nov 2021,"11","2021",0.002,0
"Angola",Oct 2021,"10","2021",0.002,0
"Angola",Sep 2021,"09","2021",0.002,0
"Antigua and Barbuda",Apr 2021,"04","2021",0.012,0
"Antigua and Barbuda",Aug 2021,"08","2021",0.015,0
"Antigua and Barbuda",Dec 2021,"12","2021",0.043,0.001
"Antigua and Barbuda",Feb 2021,"02","2021",0.005,0
"Antigua and Barbuda",Jan 2021,"01","2021",0.002,0
"Antigua and Barbuda",Jul 2021,"07","2021",0.013,0
"Antigua and Barbuda",Jun 2021,"06","2021",0.013,0
"Antigua and Barbuda",Mar 2021,"03","2021",0.01,0
"Antigua and Barbuda",May 2021,"05","2021",0.013,0
"Antigua and Barbuda",Nov 2021,"11","2021",0.042,0.001
"Antigua and Barbuda",Oct 2021,"10","2021",0.039,0.001
"Antigua and Barbuda",Sep 2021,"09","2021",0.024,0.001
"Argentina",Apr 2021,"04","2021",0.059,0.001
"Argentina",Aug 2021,"08","2021",0.112,0.002
"Argentina",Dec 2021,"12","2021",0.12,0.003
"Argentina",Feb 2021,"02","2021",0.045,0.001
"Argentina",Jan 2021,"01","2021",0.039,0.001
"Argentina",Jul 2021,"07","2021",0.104,0.002
"Argentina",Jun 2021,"06","2021",0.092,0.002
"Argentina",Mar 2021,"03","2021",0.049,0.001
"Argentina",May 2021,"05","2021",0.074,0.002
"Argentina",Nov 2021,"11","2021",0.117,0.003
"Argentina",Oct 2021,"10","2021",0.117,0.003
"Argentina",Sep 2021,"09","2021",0.116,0.003
"Armenia",Apr 2021,"04","2021",0.069,0.001
"Armenia",Aug 2021,"08","2021",0.079,0.002
"Armenia",Dec 2021,"12","2021",0.116,0.003
"Armenia",Feb 2021,"02","2021",0.057,0.001
"Armenia",Jan 2021,"01","2021",0.055,0.001
"Armenia",Jul 2021,"07","2021",0.077,0.002
"Armenia",Jun 2021,"06","2021",0.076,0.002
"Armenia",Mar 2021,"03","2021",0.061,0.001
"Armenia",May 2021,"05","2021",0.074,0.001
"Armenia",Nov 2021,"11","2021",0.111,0.002
"Armenia",Oct 2021,"10","2021",0.095,0.002
"Armenia",Sep 2021,"09","2021",0.085,0.002
"Australia",Apr 2021,"04","2021",0.004,0
"Australia",Aug 2021,"08","2021",0.006,0
"Australia",Dec 2021,"12","2021",0.036,0
"Australia",Feb 2021,"02","2021",0.004,0
"Australia",Jan 2021,"01","2021",0.004,0
"Australia",Jul 2021,"07","2021",0.004,0
"Australia",Jun 2021,"06","2021",0.004,0
"Australia",Mar 2021,"03","2021",0.004,0
"Australia",May 2021,"05","2021",0.004,0
"Australia",Nov 2021,"11","2021",0.026,0
"Australia",Oct 2021,"10","2021",0.019,0
"Australia",Sep 2021,"09","2021",0.011,0
"Austria",Apr 2021,"04","2021",0.064,0.001
"Austria",Aug 2021,"08","2021",0.074,0.001
"Austria",Dec 2021,"12","2021",0.136,0.002
"Austria",Feb 2021,"02","2021",0.048,0.001
"Austria",Jan 2021,"01","2021",0.043,0.001
"Austria",Jul 2021,"07","2021",0.072,0.001
"Austria",Jun 2021,"06","2021",0.071,0.001
"Austria",Mar 2021,"03","2021",0.055,0.001
"Austria",May 2021,"05","2021",0.07,0.001
"Austria",Nov 2021,"11","2021",0.108,0.002
"Austria",Oct 2021,"10","2021",0.086,0.002
"Austria",Sep 2021,"09","2021",0.079,0.001
"Azerbaijan",Apr 2021,"04","2021",0.029,0
"Azerbaijan",Aug 2021,"08","2021",0.037,0.001
"Azerbaijan",Dec 2021,"12","2021",0.06,0.001
"Azerbaijan",Feb 2021,"02","2021",0.023,0
"Azerbaijan",Jan 2021,"01","2021",0.022,0
"Azerbaijan",Jul 2021,"07","2021",0.033,0
"Azerbaijan",Jun 2021,"06","2021",0.033,0
"Azerbaijan",Mar 2021,"03","2021",0.024,0
"Azerbaijan",May 2021,"05","2021",0.032,0
"Azerbaijan",Nov 2021,"11","2021",0.055,0.001
"Azerbaijan",Oct 2021,"10","2021",0.05,0.001
"Azerbaijan",Sep 2021,"09","2021",0.046,0.001
"Bahamas",Apr 2021,"04","2021",0.025,0
"Bahamas",Aug 2021,"08","2021",0.042,0.001
"Bahamas",Dec 2021,"12","2021",0.059,0.002
"Bahamas",Feb 2021,"02","2021",0.021,0
"Bahamas",Jan 2021,"01","2021",0.02,0
"Bahamas",Jul 2021,"07","2021",0.034,0.001
"Bahamas",Jun 2021,"06","2021",0.031,0.001
"Bahamas",Mar 2021,"03","2021",0.022,0
"Bahamas",May 2021,"05","2021",0.028,0.001
"Bahamas",Nov 2021,"11","2021",0.057,0.002
"Bahamas",Oct 2021,"10","2021",0.055,0.002
"Bahamas",Sep 2021,"09","2021",0.05,0.001
"Bahrain",Apr 2021,"04","2021",0.095,0
"Bahrain",Aug 2021,"08","2021",0.159,0.001
"Bahrain",Dec 2021,"12","2021",0.164,0.001
"Bahrain",Feb 2021,"02","2021",0.066,0
"Bahrain",Jan 2021,"01","2021",0.057,0
"Bahrain",Jul 2021,"07","2021",0.157,0.001
"Bahrain",Jun 2021,"06","2021",0.152,0.001
"Bahrain",Mar 2021,"03","2021",0.078,0
"Bahrain",May 2021,"05","2021",0.12,0
"Bahrain",Nov 2021,"11","2021",0.163,0.001
"Bahrain",Oct 2021,"10","2021",0.162,0.001
"Bahrain",Sep 2021,"09","2021",0.161,0.001
"Bangladesh",Apr 2021,"04","2021",0.004,0
"Bangladesh",Aug 2021,"08","2021",0.009,0
"Bangladesh",Dec 2021,"12","2021",0.01,0
"Bangladesh",Feb 2021,"02","2021",0.003,0
"Bangladesh",Jan 2021,"01","2021",0.003,0
"Bangladesh",Jul 2021,"07","2021",0.007,0
"Bangladesh",Jun 2021,"06","2021",0.005,0
"Bangladesh",Mar 2021,"03","2021",0.003,0
"Bangladesh",May 2021,"05","2021",0.005,0
"Bangladesh",Nov 2021,"11","2021",0.01,0
"Bangladesh",Oct 2021,"10","2021",0.009,0
"Bangladesh",Sep 2021,"09","2021",0.009,0
"Barbados",Apr 2021,"04","2021",0.013,0
"Barbados",Aug 2021,"08","2021",0.016,0
"Barbados",Dec 2021,"12","2021",0.094,0.001
"Barbados",Feb 2021,"02","2021",0.008,0
"Barbados",Jan 2021,"01","2021",0.004,0
"Barbados",Jul 2021,"07","2021",0.015,0
"Barbados",Jun 2021,"06","2021",0.014,0
"Barbados",Mar 2021,"03","2021",0.012,0
"Barbados",May 2021,"05","2021",0.014,0
"Barbados",Nov 2021,"11","2021",0.077,0.001
"Barbados",Oct 2021,"10","2021",0.045,0
"Barbados",Sep 2021,"09","2021",0.022,0
"Belarus",Apr 2021,"04","2021",0.036,0
"Belarus",Aug 2021,"08","2021",0.049,0
"Belarus",Dec 2021,"12","2021",0.072,0.001
"Belarus",Feb 2021,"02","2021",0.028,0
"Belarus",Jan 2021,"01","2021",0.024,0
"Belarus",Jul 2021,"07","2021",0.046,0
"Belarus",Jun 2021,"06","2021",0.043,0
"Belarus",Mar 2021,"03","2021",0.032,0
"Belarus",May 2021,"05","2021",0.04,0
"Belarus",Nov 2021,"11","2021",0.067,0.001
"Belarus",Oct 2021,"10","2021",0.06,0
"Belarus",Sep 2021,"09","2021",0.054,0
"Belgium",Apr 2021,"04","2021",1.14,0.029
"Belgium",Aug 2021,"08","2021",1.4,0.031
"Belgium",Dec 2021,"12","2021",2.381,0.034
"Belgium",Feb 2021,"02","2021",0.898,0.026
"Belgium",Jan 2021,"01","2021",0.821,0.025
"Belgium",Jul 2021,"07","2021",1.337,0.031
"Belgium",Jun 2021,"06","2021",1.305,0.03
"Belgium",Mar 2021,"03","2021",0.994,0.027
"Belgium",May 2021,"05","2021",1.25,0.03
"Belgium",Nov 2021,"11","2021",1.863,0.032
"Belgium",Oct 2021,"10","2021",1.565,0.031
"Belgium",Sep 2021,"09","2021",1.473,0.031
"Belize",Apr 2021,"04","2021",0.032,0.001
"Belize",Aug 2021,"08","2021",0.038,0.001
"Belize",Dec 2021,"12","2021",0.079,0.001
"Belize",Feb 2021,"02","2021",0.031,0.001
"Belize",Jan 2021,"01","2021",0.029,0.001
"Belize",Jul 2021,"07","2021",0.034,0.001
"Belize",Jun 2021,"06","2021",0.033,0.001
"Belize",Mar 2021,"03","2021",0.031,0.001
"Belize",May 2021,"05","2021",0.032,0.001
"Belize",Nov 2021,"11","2021",0.073,0.001
"Belize",Oct 2021,"10","2021",0.06,0.001
"Belize",Sep 2021,"09","2021",0.046,0.001
"Benin",Apr 2021,"04","2021",0.001,0
"Benin",Aug 2021,"08","2021",0.001,0
"Benin",Dec 2021,"12","2021",0.002,0
"Benin",Feb 2021,"02","2021",0,0
"Benin",Jan 2021,"01","2021",0,0
"Benin",Jul 2021,"07","2021",0.001,0
"Benin",Jun 2021,"06","2021",0.001,0
"Benin",Mar 2021,"03","2021",0.001,0
"Benin",May 2021,"05","2021",0.001,0
"Benin",Nov 2021,"11","2021",0.002,0
"Benin",Oct 2021,"10","2021",0.002,0
"Benin",Sep 2021,"09","2021",0.002,0
"Bhutan",Apr 2021,"04","2021",0.001,0
"Bhutan",Aug 2021,"08","2021",0.003,0
"Bhutan",Dec 2021,"12","2021",0.003,0
"Bhutan",Feb 2021,"02","2021",0.001,0
"Bhutan",Jan 2021,"01","2021",0.001,0
"Bhutan",Jul 2021,"07","2021",0.003,0
"Bhutan",Jun 2021,"06","2021",0.002,0
"Bhutan",Mar 2021,"03","2021",0.001,0
"Bhutan",May 2021,"05","2021",0.002,0
"Bhutan",Nov 2021,"11","2021",0.003,0
"Bhutan",Oct 2021,"10","2021",0.003,0
"Bhutan",Sep 2021,"09","2021",0.003,0
"Bolivia",Apr 2021,"04","2021",0.025,0.001
"Bolivia",Aug 2021,"08","2021",0.041,0.002
"Bolivia",Dec 2021,"12","2021",0.048,0.002
"Bolivia",Feb 2021,"02","2021",0.02,0.001
"Bolivia",Jan 2021,"01","2021",0.016,0.001
"Bolivia",Jul 2021,"07","2021",0.039,0.001
"Bolivia",Jun 2021,"06","2021",0.035,0.001
"Bolivia",Mar 2021,"03","2021",0.022,0.001
"Bolivia",May 2021,"05","2021",0.029,0.001
"Bolivia",Nov 2021,"11","2021",0.045,0.002
"Bolivia",Oct 2021,"10","2021",0.043,0.002
"Bolivia",Sep 2021,"09","2021",0.042,0.002
"Bosnia and Herzegovina",Apr 2021,"04","2021",0.057,0.002
"Bosnia and Herzegovina",Aug 2021,"08","2021",0.064,0.003
"Bosnia and Herzegovina",Dec 2021,"12","2021",0.086,0.004
"Bosnia and Herzegovina",Feb 2021,"02","2021",0.038,0.001
"Bosnia and Herzegovina",Jan 2021,"01","2021",0.036,0.001
"Bosnia and Herzegovina",Jul 2021,"07","2021",0.063,0.003
"Bosnia and Herzegovina",Jun 2021,"06","2021",0.062,0.003
"Bosnia and Herzegovina",Mar 2021,"03","2021",0.045,0.002
"Bosnia and Herzegovina",May 2021,"05","2021",0.062,0.003
"Bosnia and Herzegovina",Nov 2021,"11","2021",0.081,0.004
"Bosnia and Herzegovina",Oct 2021,"10","2021",0.074,0.003
"Bosnia and Herzegovina",Sep 2021,"09","2021",0.068,0.003
"Botswana",Apr 2021,"04","2021",0.019,0
"Botswana",Aug 2021,"08","2021",0.059,0.001
"Botswana",Dec 2021,"12","2021",0.086,0.001
"Botswana",Feb 2021,"02","2021",0.011,0
"Botswana",Jan 2021,"01","2021",0.008,0
"Botswana",Jul 2021,"07","2021",0.037,0.001
"Botswana",Jun 2021,"06","2021",0.026,0
"Botswana",Mar 2021,"03","2021",0.015,0
"Botswana",May 2021,"05","2021",0.021,0
"Botswana",Nov 2021,"11","2021",0.082,0.001
"Botswana",Oct 2021,"10","2021",0.078,0.001
"Botswana",Sep 2021,"09","2021",0.072,0.001
"Brazil",Apr 2021,"04","2021",4.59,0.122
"Brazil",Aug 2021,"08","2021",6.8,0.19
"Brazil",Dec 2021,"12","2021",7.404,0.206
"Brazil",Feb 2021,"02","2021",3.296,0.08
"Brazil",Jan 2021,"01","2021",2.812,0.07
"Brazil",Jul 2021,"07","2021",6.435,0.18
"Brazil",Jun 2021,"06","2021",5.876,0.164
"Brazil",Mar 2021,"03","2021",3.888,0.095
"Brazil",May 2021,"05","2021",5.216,0.145
"Brazil",Nov 2021,"11","2021",7.325,0.204
"Brazil",Oct 2021,"10","2021",7.216,0.201
"Brazil",Sep 2021,"09","2021",7.042,0.196
"Brunei",Apr 2021,"04","2021",0.001,0
"Brunei",Aug 2021,"08","2021",0.003,0
"Brunei",Dec 2021,"12","2021",0.035,0
"Brunei",Feb 2021,"02","2021",0,0
"Brunei",Jan 2021,"01","2021",0,0
"Brunei",Jul 2021,"07","2021",0.001,0
"Brunei",Jun 2021,"06","2021",0.001,0
"Brunei",Mar 2021,"03","2021",0,0
"Brunei",May 2021,"05","2021",0.001,0
"Brunei",Nov 2021,"11","2021",0.033,0
"Brunei",Oct 2021,"10","2021",0.024,0
"Brunei",Sep 2021,"09","2021",0.011,0
"Bulgaria",Apr 2021,"04","2021",0.055,0.002
"Bulgaria",Aug 2021,"08","2021",0.063,0.003
"Bulgaria",Dec 2021,"12","2021",0.104,0.004
"Bulgaria",Feb 2021,"02","2021",0.033,0.001
"Bulgaria",Jan 2021,"01","2021",0.03,0.001
"Bulgaria",Jul 2021,"07","2021",0.061,0.003
"Bulgaria",Jun 2021,"06","2021",0.061,0.003
"Bulgaria",Mar 2021,"03","2021",0.042,0.002
"Bulgaria",May 2021,"05","2021",0.059,0.002
"Bulgaria",Nov 2021,"11","2021",0.095,0.004
"Bulgaria",Oct 2021,"10","2021",0.079,0.003
"Bulgaria",Sep 2021,"09","2021",0.069,0.003
"Burkina Faso",Apr 2021,"04","2021",0.001,0
"Burkina Faso",Aug 2021,"08","2021",0.001,0
"Burkina Faso",Dec 2021,"12","2021",0.001,0
"Burkina Faso",Feb 2021,"02","2021",0.001,0
"Burkina Faso",Jan 2021,"01","2021",0,0
"Burkina Faso",Jul 2021,"07","2021",0.001,0
"Burkina Faso",Jun 2021,"06","2021",0.001,0
"Burkina Faso",Mar 2021,"03","2021",0.001,0
"Burkina Faso",May 2021,"05","2021",0.001,0
"Burkina Faso",Nov 2021,"11","2021",0.001,0
"Burkina Faso",Oct 2021,"10","2021",0.001,0
"Burkina Faso",Sep 2021,"09","2021",0.001,0
"Burma",Apr 2021,"04","2021",0.003,0
"Burma",Aug 2021,"08","2021",0.007,0
"Burma",Dec 2021,"12","2021",0.01,0
"Burma",Feb 2021,"02","2021",0.003,0
"Burma",Jan 2021,"01","2021",0.002,0
"Burma",Jul 2021,"07","2021",0.004,0
"Burma",Jun 2021,"06","2021",0.003,0
"Burma",Mar 2021,"03","2021",0.003,0
"Burma",May 2021,"05","2021",0.003,0
"Burma",Nov 2021,"11","2021",0.009,0
"Burma",Oct 2021,"10","2021",0.009,0
"Burma",Sep 2021,"09","2021",0.008,0
"Burundi",Apr 2021,"04","2021",0,0
"Burundi",Aug 2021,"08","2021",0.001,0
"Burundi",Dec 2021,"12","2021",0.002,0
"Burundi",Feb 2021,"02","2021",0,0
"Burundi",Jan 2021,"01","2021",0,0
"Burundi",Jul 2021,"07","2021",0.001,0
"Burundi",Jun 2021,"06","2021",0,0
"Burundi",Mar 2021,"03","2021",0,0
"Burundi",May 2021,"05","2021",0,0
"Burundi",Nov 2021,"11","2021",0.002,0
"Burundi",Oct 2021,"10","2021",0.002,0
"Burundi",Sep 2021,"09","2021",0.001,0
"Cabo Verde",Apr 2021,"04","2021",0.036,0
"Cabo Verde",Aug 2021,"08","2021",0.062,0.001
"Cabo Verde",Dec 2021,"12","2021",0.07,0.001
"Cabo Verde",Feb 2021,"02","2021",0.027,0
"Cabo Verde",Jan 2021,"01","2021",0.023,0
"Cabo Verde",Jul 2021,"07","2021",0.06,0.001
"Cabo Verde",Jun 2021,"06","2021",0.057,0
"Cabo Verde",Mar 2021,"03","2021",0.029,0
"Cabo Verde",May 2021,"05","2021",0.05,0
"Cabo Verde",Nov 2021,"11","2021",0.069,0.001
"Cabo Verde",Oct 2021,"10","2021",0.068,0.001
"Cabo Verde",Sep 2021,"09","2021",0.066,0.001
"Cambodia",Apr 2021,"04","2021",0,0
"Cambodia",Aug 2021,"08","2021",0.005,0
"Cambodia",Dec 2021,"12","2021",0.007,0
"Cambodia",Feb 2021,"02","2021",0,0
"Cambodia",Jan 2021,"01","2021",0,0
"Cambodia",Jul 2021,"07","2021",0.004,0
"Cambodia",Jun 2021,"06","2021",0.002,0
"Cambodia",Mar 2021,"03","2021",0,0
"Cambodia",May 2021,"05","2021",0.001,0
"Cambodia",Nov 2021,"11","2021",0.007,0
"Cambodia",Oct 2021,"10","2021",0.007,0
"Cambodia",Sep 2021,"09","2021",0.006,0
"Cameroon",Apr 2021,"04","2021",0.002,0
"Cameroon",Aug 2021,"08","2021",0.003,0
"Cameroon",Dec 2021,"12","2021",0.004,0
"Cameroon",Feb 2021,"02","2021",0.001,0
"Cameroon",Jan 2021,"01","2021",0.001,0
"Cameroon",Jul 2021,"07","2021",0.003,0
"Cameroon",Jun 2021,"06","2021",0.003,0
"Cameroon",Mar 2021,"03","2021",0.002,0
"Cameroon",May 2021,"05","2021",0.003,0
"Cameroon",Nov 2021,"11","2021",0.004,0
"Cameroon",Oct 2021,"10","2021",0.004,0
"Cameroon",Sep 2021,"09","2021",0.003,0
"Canada",Apr 2021,"04","2021",0.412,0.009
"Canada",Aug 2021,"08","2021",0.543,0.01
"Canada",Dec 2021,"12","2021",0.711,0.011
"Canada",Feb 2021,"02","2021",0.308,0.008
"Canada",Jan 2021,"01","2021",0.261,0.007
"Canada",Jul 2021,"07","2021",0.529,0.01
"Canada",Jun 2021,"06","2021",0.522,0.01
"Canada",Mar 2021,"03","2021",0.343,0.008
"Canada",May 2021,"05","2021",0.493,0.009
"Canada",Nov 2021,"11","2021",0.653,0.011
"Canada",Oct 2021,"10","2021",0.624,0.011
"Canada",Sep 2021,"09","2021",0.581,0.01
"Central African Republic",Apr 2021,"04","2021",0.001,0
"Central African Republic",Aug 2021,"08","2021",0.002,0
"Central African Republic",Dec 2021,"12","2021",0.002,0
"Central African Republic",Feb 2021,"02","2021",0.001,0
"Central African Republic",Jan 2021,"01","2021",0.001,0
"Central African Republic",Jul 2021,"07","2021",0.001,0
"Central African Republic",Jun 2021,"06","2021",0.001,0
"Central African Republic",Mar 2021,"03","2021",0.001,0
"Central African Republic",May 2021,"05","2021",0.001,0
"Central African Republic",Nov 2021,"11","2021",0.002,0
"Central African Republic",Oct 2021,"10","2021",0.002,0
"Central African Republic",Sep 2021,"09","2021",0.002,0
"Chad",Apr 2021,"04","2021",0,0
"Chad",Aug 2021,"08","2021",0,0
"Chad",Dec 2021,"12","2021",0,0
"Chad",Feb 2021,"02","2021",0,0
"Chad",Jan 2021,"01","2021",0,0
"Chad",Jul 2021,"07","2021",0,0
"Chad",Jun 2021,"06","2021",0,0
"Chad",Mar 2021,"03","2021",0,0
"Chad",May 2021,"05","2021",0,0
"Chad",Nov 2021,"11","2021",0,0
"Chad",Oct 2021,"10","2021",0,0
"Chad",Sep 2021,"09","2021",0,0
"Chile",Apr 2021,"04","2021",2.594,0.058
"Chile",Aug 2021,"08","2021",3.827,0.085
"Chile",Dec 2021,"12","2021",4.198,0.091
"Chile",Feb 2021,"02","2021",1.825,0.046
"Chile",Jan 2021,"01","2021",1.566,0.041
"Chile",Jul 2021,"07","2021",3.743,0.08
"Chile",Jun 2021,"06","2021",3.486,0.073
"Chile",Mar 2021,"03","2021",2.127,0.051
"Chile",May 2021,"05","2021",3.027,0.065
"Chile",Nov 2021,"11","2021",4.063,0.089
"Chile",Oct 2021,"10","2021",3.926,0.088
"Chile",Sep 2021,"09","2021",3.867,0.088
"China",Apr 2021,"04","2021",0,0
"China",Aug 2021,"08","2021",0,0
"China",Dec 2021,"12","2021",0,0
"China",Feb 2021,"02","2021",0,0
"China",Jan 2021,"01","2021",0,0
"China",Jul 2021,"07","2021",0,0
"China",Jun 2021,"06","2021",0,0
"China",Mar 2021,"03","2021",0,0
"China",May 2021,"05","2021",0,0
"China",Nov 2021,"11","2021",0,0
"China",Oct 2021,"10","2021",0,0
"China",Sep 2021,"09","2021",0,0
"Colombia",Apr 2021,"04","2021",9.657,0.25
"Colombia",Aug 2021,"08","2021",17.938,0.455
"Colombia",Dec 2021,"12","2021",18.82,0.477
"Colombia",Feb 2021,"02","2021",8.08,0.212
"Colombia",Jan 2021,"01","2021",6.943,0.179
"Colombia",Jul 2021,"07","2021",16.876,0.423
"Colombia",Jun 2021,"06","2021",14.108,0.36
"Colombia",Mar 2021,"03","2021",8.548,0.227
"Colombia",May 2021,"05","2021",11.512,0.3
"Colombia",Nov 2021,"11","2021",18.567,0.472
"Colombia",Oct 2021,"10","2021",18.363,0.468
"Colombia",Sep 2021,"09","2021",18.197,0.464
"Comoros",Apr 2021,"04","2021",0.004,0
"Comoros",Aug 2021,"08","2021",0.005,0
"Comoros",Dec 2021,"12","2021",0.006,0
"Comoros",Feb 2021,"02","2021",0.004,0
"Comoros",Jan 2021,"01","2021",0.002,0
"Comoros",Jul 2021,"07","2021",0.005,0
"Comoros",Jun 2021,"06","2021",0.004,0
"Comoros",Mar 2021,"03","2021",0.004,0
"Comoros",May 2021,"05","2021",0.004,0
"Comoros",Nov 2021,"11","2021",0.005,0
"Comoros",Oct 2021,"10","2021",0.005,0
"Comoros",Sep 2021,"09","2021",0.005,0
"Congo (Brazzaville)",Apr 2021,"04","2021",0.002,0
"Congo (Brazzaville)",Aug 2021,"08","2021",0.002,0
"Congo (Brazzaville)",Dec 2021,"12","2021",0.003,0
"Congo (Brazzaville)",Feb 2021,"02","2021",0.002,0
"Congo (Brazzaville)",Jan 2021,"01","2021",0.001,0
"Congo (Brazzaville)",Jul 2021,"07","2021",0.002,0
"Congo (Brazzaville)",Jun 2021,"06","2021",0.002,0
"Congo (Brazzaville)",Mar 2021,"03","2021",0.002,0
"Congo (Brazzaville)",May 2021,"05","2021",0.002,0
"Congo (Brazzaville)",Nov 2021,"11","2021",0.003,0
"Congo (Brazzaville)",Oct 2021,"10","2021",0.003,0
"Congo (Brazzaville)",Sep 2021,"09","2021",0.003,0
"Congo (Kinshasa)",Apr 2021,"04","2021",0,0
"Congo (Kinshasa)",Aug 2021,"08","2021",0.001,0
"Congo (Kinshasa)",Dec 2021,"12","2021",0.001,0
"Congo (Kinshasa)",Feb 2021,"02","2021",0,0
"Congo (Kinshasa)",Jan 2021,"01","2021",0,0
"Congo (Kinshasa)",Jul 2021,"07","2021",0.001,0
"Congo (Kinshasa)",Jun 2021,"06","2021",0,0
"Congo (Kinshasa)",Mar 2021,"03","2021",0,0
"Congo (Kinshasa)",May 2021,"05","2021",0,0
"Congo (Kinshasa)",Nov 2021,"11","2021",0.001,0
"Congo (Kinshasa)",Oct 2021,"10","2021",0.001,0
"Congo (Kinshasa)",Sep 2021,"09","2021",0.001,0
"Costa Rica",Apr 2021,"04","2021",0.045,0.001
"Costa Rica",Aug 2021,"08","2021",0.085,0.001
"Costa Rica",Dec 2021,"12","2021",0.112,0.001
"Costa Rica",Feb 2021,"02","2021",0.039,0.001
"Costa Rica",Jan 2021,"01","2021",0.036,0
"Costa Rica",Jul 2021,"07","2021",0.076,0.001
"Costa Rica",Jun 2021,"06","2021",0.068,0.001
"Costa Rica",Mar 2021,"03","2021",0.041,0.001
"Costa Rica",May 2021,"05","2021",0.056,0.001
"Costa Rica",Nov 2021,"11","2021",0.111,0.001
"Costa Rica",Oct 2021,"10","2021",0.108,0.001
"Costa Rica",Sep 2021,"09","2021",0.098,0.001
"Cote d'Ivoire",Apr 2021,"04","2021",0.002,0
"Cote d'Ivoire",Aug 2021,"08","2021",0.002,0
"Cote d'Ivoire",Dec 2021,"12","2021",0.002,0
"Cote d'Ivoire",Feb 2021,"02","2021",0.001,0
"Cote d'Ivoire",Jan 2021,"01","2021",0.001,0
"Cote d'Ivoire",Jul 2021,"07","2021",0.002,0
"Cote d'Ivoire",Jun 2021,"06","2021",0.002,0
"Cote d'Ivoire",Mar 2021,"03","2021",0.001,0
"Cote d'Ivoire",May 2021,"05","2021",0.002,0
"Cote d'Ivoire",Nov 2021,"11","2021",0.002,0
"Cote d'Ivoire",Oct 2021,"10","2021",0.002,0
"Cote d'Ivoire",Sep 2021,"09","2021",0.002,0
"Croatia",Apr 2021,"04","2021",0.074,0.002
"Croatia",Aug 2021,"08","2021",0.09,0.002
"Croatia",Dec 2021,"12","2021",0.162,0.003
"Croatia",Feb 2021,"02","2021",0.058,0.001
"Croatia",Jan 2021,"01","2021",0.054,0.001
"Croatia",Jul 2021,"07","2021",0.088,0.002
"Croatia",Jun 2021,"06","2021",0.087,0.002
"Croatia",Mar 2021,"03","2021",0.062,0.001
"Croatia",May 2021,"05","2021",0.085,0.002
"Croatia",Nov 2021,"11","2021",0.132,0.002
"Croatia",Oct 2021,"10","2021",0.105,0.002
"Croatia",Sep 2021,"09","2021",0.095,0.002
"Cuba",Apr 2021,"04","2021",0.008,0
"Cuba",Aug 2021,"08","2021",0.047,0
"Cuba",Dec 2021,"12","2021",0.085,0.001
"Cuba",Feb 2021,"02","2021",0.003,0
"Cuba",Jan 2021,"01","2021",0.002,0
"Cuba",Jul 2021,"07","2021",0.024,0
"Cuba",Jun 2021,"06","2021",0.014,0
"Cuba",Mar 2021,"03","2021",0.006,0
"Cuba",May 2021,"05","2021",0.011,0
"Cuba",Nov 2021,"11","2021",0.085,0.001
"Cuba",Oct 2021,"10","2021",0.082,0.001
"Cuba",Sep 2021,"09","2021",0.068,0.001
"Cyprus",Apr 2021,"04","2021",0.046,0
"Cyprus",Aug 2021,"08","2021",0.091,0
"Cyprus",Dec 2021,"12","2021",0.12,0.001
"Cyprus",Feb 2021,"02","2021",0.027,0
"Cyprus",Jan 2021,"01","2021",0.023,0
"Cyprus",Jul 2021,"07","2021",0.074,0
"Cyprus",Jun 2021,"06","2021",0.062,0
"Cyprus",Mar 2021,"03","2021",0.034,0
"Cyprus",May 2021,"05","2021",0.059,0
"Cyprus",Nov 2021,"11","2021",0.106,0
"Cyprus",Oct 2021,"10","2021",0.101,0
"Cyprus",Sep 2021,"09","2021",0.098,0
"Czechia",Apr 2021,"04","2021",0.149,0.003
"Czechia",Aug 2021,"08","2021",0.157,0.003
"Czechia",Dec 2021,"12","2021",0.22,0.003
"Czechia",Feb 2021,"02","2021",0.103,0.002
"Czechia",Jan 2021,"01","2021",0.081,0.001
"Czechia",Jul 2021,"07","2021",0.156,0.003
"Czechia",Jun 2021,"06","2021",0.155,0.003
"Czechia",Mar 2021,"03","2021",0.131,0.002
"Czechia",May 2021,"05","2021",0.154,0.003
"Czechia",Nov 2021,"11","2021",0.18,0.003
"Czechia",Oct 2021,"10","2021",0.16,0.003
"Czechia",Sep 2021,"09","2021",0.157,0.003
"Denmark",Apr 2021,"04","2021",1.027,0.01
"Denmark",Aug 2021,"08","2021",1.415,0.011
"Denmark",Dec 2021,"12","2021",2.614,0.013
"Denmark",Feb 2021,"02","2021",0.873,0.01
"Denmark",Jan 2021,"01","2021",0.793,0.007
"Denmark",Jul 2021,"07","2021",1.298,0.011
"Denmark",Jun 2021,"06","2021",1.234,0.011
"Denmark",Mar 2021,"03","2021",0.943,0.01
"Denmark",May 2021,"05","2021",1.135,0.011
"Denmark",Nov 2021,"11","2021",1.855,0.012
"Denmark",Oct 2021,"10","2021",1.581,0.011
"Denmark",Sep 2021,"09","2021",1.507,0.011
"Djibouti",Apr 2021,"04","2021",0.01,0
"Djibouti",Aug 2021,"08","2021",0.012,0
"Djibouti",Dec 2021,"12","2021",0.014,0
"Djibouti",Feb 2021,"02","2021",0.006,0
"Djibouti",Jan 2021,"01","2021",0.006,0
"Djibouti",Jul 2021,"07","2021",0.012,0
"Djibouti",Jun 2021,"06","2021",0.012,0
"Djibouti",Mar 2021,"03","2021",0.007,0
"Djibouti",May 2021,"05","2021",0.012,0
"Djibouti",Nov 2021,"11","2021",0.014,0
"Djibouti",Oct 2021,"10","2021",0.013,0
"Djibouti",Sep 2021,"09","2021",0.012,0
"Dominica",Apr 2021,"04","2021",0.002,0
"Dominica",Aug 2021,"08","2021",0.012,0
"Dominica",Dec 2021,"12","2021",0.088,0.001
"Dominica",Feb 2021,"02","2021",0.002,0
"Dominica",Jan 2021,"01","2021",0.001,0
"Dominica",Jul 2021,"07","2021",0.003,0
"Dominica",Jun 2021,"06","2021",0.003,0
"Dominica",Mar 2021,"03","2021",0.002,0
"Dominica",May 2021,"05","2021",0.002,0
"Dominica",Nov 2021,"11","2021",0.075,0
"Dominica",Oct 2021,"10","2021",0.059,0
"Dominica",Sep 2021,"09","2021",0.036,0
"Dominican Republic",Apr 2021,"04","2021",0.024,0
"Dominican Republic",Aug 2021,"08","2021",0.032,0
"Dominican Republic",Dec 2021,"12","2021",0.038,0
"Dominican Republic",Feb 2021,"02","2021",0.021,0
"Dominican Republic",Jan 2021,"01","2021",0.018,0
"Dominican Republic",Jul 2021,"07","2021",0.031,0
"Dominican Republic",Jun 2021,"06","2021",0.029,0
"Dominican Republic",Mar 2021,"03","2021",0.023,0
"Dominican Republic",May 2021,"05","2021",0.026,0
"Dominican Republic",Nov 2021,"11","2021",0.037,0
"Dominican Republic",Oct 2021,"10","2021",0.034,0
"Dominican Republic",Sep 2021,"09","2021",0.033,0
"Ecuador",Apr 2021,"04","2021",0.02,0.001
"Ecuador",Aug 2021,"08","2021",0.028,0.002
"Ecuador",Dec 2021,"12","2021",0.03,0.002
"Ecuador",Feb 2021,"02","2021",0.015,0.001
"Ecuador",Jan 2021,"01","2021",0.013,0.001
"Ecuador",Jul 2021,"07","2021",0.027,0.001
"Ecuador",Jun 2021,"06","2021",0.025,0.001
"Ecuador",Mar 2021,"03","2021",0.017,0.001
"Ecuador",May 2021,"05","2021",0.023,0.001
"Ecuador",Nov 2021,"11","2021",0.03,0.002
"Ecuador",Oct 2021,"10","2021",0.029,0.002
"Ecuador",Sep 2021,"09","2021",0.029,0.002
"Egypt",Apr 2021,"04","2021",0.002,0
"Egypt",Aug 2021,"08","2021",0.003,0
"Egypt",Dec 2021,"12","2021",0.004,0
"Egypt",Feb 2021,"02","2021",0.002,0
"Egypt",Jan 2021,"01","2021",0.002,0
"Egypt",Jul 2021,"07","2021",0.003,0
"Egypt",Jun 2021,"06","2021",0.003,0
"Egypt",Mar 2021,"03","2021",0.002,0
"Egypt",May 2021,"05","2021",0.002,0
"Egypt",Nov 2021,"11","2021",0.003,0
"Egypt",Oct 2021,"10","2021",0.003,0
"Egypt",Sep 2021,"09","2021",0.003,0
"El Salvador",Apr 2021,"04","2021",0.01,0
"El Salvador",Aug 2021,"08","2021",0.014,0
"El Salvador",Dec 2021,"12","2021",0.019,0.001
"El Salvador",Feb 2021,"02","2021",0.009,0
"El Salvador",Jan 2021,"01","2021",0.008,0
"El Salvador",Jul 2021,"07","2021",0.013,0
"El Salvador",Jun 2021,"06","2021",0.012,0
"El Salvador",Mar 2021,"03","2021",0.01,0
"El Salvador",May 2021,"05","2021",0.011,0
"El Salvador",Nov 2021,"11","2021",0.018,0.001
"El Salvador",Oct 2021,"10","2021",0.017,0.001
"El Salvador",Sep 2021,"09","2021",0.015,0
"Equatorial Guinea",Apr 2021,"04","2021",0.005,0
"Equatorial Guinea",Aug 2021,"08","2021",0.006,0
"Equatorial Guinea",Dec 2021,"12","2021",0.01,0
"Equatorial Guinea",Feb 2021,"02","2021",0.004,0
"Equatorial Guinea",Jan 2021,"01","2021",0.004,0
"Equatorial Guinea",Jul 2021,"07","2021",0.006,0
"Equatorial Guinea",Jun 2021,"06","2021",0.006,0
"Equatorial Guinea",Mar 2021,"03","2021",0.005,0
"Equatorial Guinea",May 2021,"05","2021",0.006,0
"Equatorial Guinea",Nov 2021,"11","2021",0.01,0
"Equatorial Guinea",Oct 2021,"10","2021",0.009,0
"Equatorial Guinea",Sep 2021,"09","2021",0.008,0
"Eritrea",Apr 2021,"04","2021",0.001,0
"Eritrea",Aug 2021,"08","2021",0.002,0
"Eritrea",Dec 2021,"12","2021",0.002,0
"Eritrea",Feb 2021,"02","2021",0.001,0
"Eritrea",Jan 2021,"01","2021",0,0
"Eritrea",Jul 2021,"07","2021",0.002,0
"Eritrea",Jun 2021,"06","2021",0.001,0
"Eritrea",Mar 2021,"03","2021",0.001,0
"Eritrea",May 2021,"05","2021",0.001,0
"Eritrea",Nov 2021,"11","2021",0.002,0
"Eritrea",Oct 2021,"10","2021",0.002,0
"Eritrea",Sep 2021,"09","2021",0.002,0
"Estonia",Apr 2021,"04","2021",0.087,0.001
"Estonia",Aug 2021,"08","2021",0.104,0.001
"Estonia",Dec 2021,"12","2021",0.174,0.001
"Estonia",Feb 2021,"02","2021",0.04,0
"Estonia",Jan 2021,"01","2021",0.027,0
"Estonia",Jul 2021,"07","2021",0.099,0.001
"Estonia",Jun 2021,"06","2021",0.098,0.001
"Estonia",Mar 2021,"03","2021",0.066,0.001
"Estonia",May 2021,"05","2021",0.096,0.001
"Estonia",Nov 2021,"11","2021",0.16,0.001
"Estonia",Oct 2021,"10","2021",0.13,0.001
"Estonia",Sep 2021,"09","2021",0.112,0.001
"Eswatini",Apr 2021,"04","2021",0.016,0.001
"Eswatini",Aug 2021,"08","2021",0.031,0.001
"Eswatini",Dec 2021,"12","2021",0.049,0.001
"Eswatini",Feb 2021,"02","2021",0.014,0.001
"Eswatini",Jan 2021,"01","2021",0.011,0
"Eswatini",Jul 2021,"07","2021",0.018,0.001
"Eswatini",Jun 2021,"06","2021",0.016,0.001
"Eswatini",Mar 2021,"03","2021",0.015,0.001
"Eswatini",May 2021,"05","2021",0.016,0.001
"Eswatini",Nov 2021,"11","2021",0.04,0.001
"Eswatini",Oct 2021,"10","2021",0.04,0.001
"Eswatini",Sep 2021,"09","2021",0.039,0.001
"Ethiopia",Apr 2021,"04","2021",0.002,0
"Ethiopia",Aug 2021,"08","2021",0.003,0
"Ethiopia",Dec 2021,"12","2021",0.003,0
"Ethiopia",Feb 2021,"02","2021",0.001,0
"Ethiopia",Jan 2021,"01","2021",0.001,0
"Ethiopia",Jul 2021,"07","2021",0.002,0
"Ethiopia",Jun 2021,"06","2021",0.002,0
"Ethiopia",Mar 2021,"03","2021",0.002,0
"Ethiopia",May 2021,"05","2021",0.002,0
"Ethiopia",Nov 2021,"11","2021",0.003,0
"Ethiopia",Oct 2021,"10","2021",0.003,0
"Ethiopia",Sep 2021,"09","2021",0.003,0
"Fiji",Apr 2021,"04","2021",0,0
"Fiji",Aug 2021,"08","2021",0.045,0
"Fiji",Dec 2021,"12","2021",0.059,0.001
"Fiji",Feb 2021,"02","2021",0,0
"Fiji",Jan 2021,"01","2021",0,0
"Fiji",Jul 2021,"07","2021",0.018,0
"Fiji",Jun 2021,"06","2021",0.002,0
"Fiji",Mar 2021,"03","2021",0,0
"Fiji",May 2021,"05","2021",0,0
"Fiji",Nov 2021,"11","2021",0.058,0.001
"Fiji",Oct 2021,"10","2021",0.058,0.001
"Fiji",Sep 2021,"09","2021",0.055,0.001
"Finland",Apr 2021,"04","2021",0.015,0
"Finland",Aug 2021,"08","2021",0.021,0
"Finland",Dec 2021,"12","2021",0.039,0
"Finland",Feb 2021,"02","2021",0.009,0
"Finland",Jan 2021,"01","2021",0.007,0
"Finland",Jul 2021,"07","2021",0.018,0
"Finland",Jun 2021,"06","2021",0.017,0
"Finland",Mar 2021,"03","2021",0.012,0
"Finland",May 2021,"05","2021",0.016,0
"Finland",Nov 2021,"11","2021",0.031,0
"Finland",Oct 2021,"10","2021",0.027,0
"Finland",Sep 2021,"09","2021",0.024,0
"France",Apr 2021,"04","2021",14.019,0.269
"France",Aug 2021,"08","2021",17.529,0.303
"France",Dec 2021,"12","2021",23.153,0.327
"France",Feb 2021,"02","2021",9.455,0.22
"France",Jan 2021,"01","2021",7.905,0.188
"France",Jul 2021,"07","2021",15.923,0.299
"France",Jun 2021,"06","2021",15.526,0.296
"France",Mar 2021,"03","2021",11.276,0.244
"France",May 2021,"05","2021",15.474,0.288
"France",Nov 2021,"11","2021",19.945,0.319
"France",Oct 2021,"10","2021",19.23,0.316
"France",Sep 2021,"09","2021",18.751,0.311
"Gabon",Apr 2021,"04","2021",0.01,0
"Gabon",Aug 2021,"08","2021",0.012,0
"Gabon",Dec 2021,"12","2021",0.017,0
"Gabon",Feb 2021,"02","2021",0.006,0
"Gabon",Jan 2021,"01","2021",0.004,0
"Gabon",Jul 2021,"07","2021",0.011,0
"Gabon",Jun 2021,"06","2021",0.011,0
"Gabon",Mar 2021,"03","2021",0.008,0
"Gabon",May 2021,"05","2021",0.011,0
"Gabon",Nov 2021,"11","2021",0.016,0
"Gabon",Oct 2021,"10","2021",0.015,0
"Gabon",Sep 2021,"09","2021",0.012,0
"Gambia",Apr 2021,"04","2021",0.002,0
"Gambia",Aug 2021,"08","2021",0.004,0
"Gambia",Dec 2021,"12","2021",0.004,0
"Gambia",Feb 2021,"02","2021",0.002,0
"Gambia",Jan 2021,"01","2021",0.002,0
"Gambia",Jul 2021,"07","2021",0.003,0
"Gambia",Jun 2021,"06","2021",0.002,0
"Gambia",Mar 2021,"03","2021",0.002,0
"Gambia",May 2021,"05","2021",0.002,0
"Gambia",Nov 2021,"11","2021",0.004,0
"Gambia",Oct 2021,"10","2021",0.004,0
"Gambia",Sep 2021,"09","2021",0.004,0
"Georgia",Apr 2021,"04","2021",0.074,0.001
"Georgia",Aug 2021,"08","2021",0.122,0.002
"Georgia",Dec 2021,"12","2021",0.225,0.003
"Georgia",Feb 2021,"02","2021",0.067,0.001
"Georgia",Jan 2021,"01","2021",0.061,0.001
"Georgia",Jul 2021,"07","2021",0.097,0.001
"Georgia",Jun 2021,"06","2021",0.089,0.001
"Georgia",Mar 2021,"03","2021",0.069,0.001
"Georgia",May 2021,"05","2021",0.083,0.001
"Georgia",Nov 2021,"11","2021",0.197,0.003
"Georgia",Oct 2021,"10","2021",0.166,0.002
"Georgia",Sep 2021,"09","2021",0.147,0.002
"Germany",Apr 2021,"04","2021",1.2,0.031
"Germany",Aug 2021,"08","2021",1.488,0.036
"Germany",Dec 2021,"12","2021",2.559,0.041
"Germany",Feb 2021,"02","2021",0.906,0.025
"Germany",Jan 2021,"01","2021",0.774,0.018
"Germany",Jul 2021,"07","2021",1.453,0.035
"Germany",Jun 2021,"06","2021",1.441,0.035
"Germany",Mar 2021,"03","2021",1.011,0.029
"Germany",May 2021,"05","2021",1.386,0.033
"Germany",Nov 2021,"11","2021",1.985,0.038
"Germany",Oct 2021,"10","2021",1.698,0.037
"Germany",Sep 2021,"09","2021",1.59,0.036
"Ghana",Apr 2021,"04","2021",0.003,0
"Ghana",Aug 2021,"08","2021",0.004,0
"Ghana",Dec 2021,"12","2021",0.004,0
"Ghana",Feb 2021,"02","2021",0.002,0
"Ghana",Jan 2021,"01","2021",0.002,0
"Ghana",Jul 2021,"07","2021",0.003,0
"Ghana",Jun 2021,"06","2021",0.003,0
"Ghana",Mar 2021,"03","2021",0.003,0
"Ghana",May 2021,"05","2021",0.003,0
"Ghana",Nov 2021,"11","2021",0.004,0
"Ghana",Oct 2021,"10","2021",0.004,0
"Ghana",Sep 2021,"09","2021",0.004,0
"Greece",Apr 2021,"04","2021",0.03,0.001
"Greece",Aug 2021,"08","2021",0.052,0.001
"Greece",Dec 2021,"12","2021",0.099,0.002
"Greece",Feb 2021,"02","2021",0.017,0.001
"Greece",Jan 2021,"01","2021",0.014,0.001
"Greece",Jul 2021,"07","2021",0.044,0.001
"Greece",Jun 2021,"06","2021",0.04,0.001
"Greece",Mar 2021,"03","2021",0.022,0.001
"Greece",May 2021,"05","2021",0.036,0.001
"Greece",Nov 2021,"11","2021",0.081,0.002
"Greece",Oct 2021,"10","2021",0.067,0.001
"Greece",Sep 2021,"09","2021",0.06,0.001
"Grenada",Apr 2021,"04","2021",0.001,0
"Grenada",Aug 2021,"08","2021",0.002,0
"Grenada",Dec 2021,"12","2021",0.053,0.002
"Grenada",Feb 2021,"02","2021",0.001,0
"Grenada",Jan 2021,"01","2021",0.001,0
"Grenada",Jul 2021,"07","2021",0.001,0
"Grenada",Jun 2021,"06","2021",0.001,0
"Grenada",Mar 2021,"03","2021",0.001,0
"Grenada",May 2021,"05","2021",0.001,0
"Grenada",Nov 2021,"11","2021",0.052,0.002
"Grenada",Oct 2021,"10","2021",0.05,0.002
"Grenada",Sep 2021,"09","2021",0.027,0
"Guatemala",Apr 2021,"04","2021",0.012,0
"Guatemala",Aug 2021,"08","2021",0.023,0.001
"Guatemala",Dec 2021,"12","2021",0.035,0.001
"Guatemala",Feb 2021,"02","2021",0.009,0
"Guatemala",Jan 2021,"01","2021",0.008,0
"Guatemala",Jul 2021,"07","2021",0.018,0.001
"Guatemala",Jun 2021,"06","2021",0.015,0
"Guatemala",Mar 2021,"03","2021",0.01,0
"Guatemala",May 2021,"05","2021",0.013,0
"Guatemala",Nov 2021,"11","2021",0.034,0.001
"Guatemala",Oct 2021,"10","2021",0.033,0.001
"Guatemala",Sep 2021,"09","2021",0.029,0.001
"Guinea-Bissau",Apr 2021,"04","2021",0.002,0
"Guinea-Bissau",Aug 2021,"08","2021",0.003,0
"Guinea-Bissau",Dec 2021,"12","2021",0.003,0
"Guinea-Bissau",Feb 2021,"02","2021",0.001,0
"Guinea-Bissau",Jan 2021,"01","2021",0.001,0
"Guinea-Bissau",Jul 2021,"07","2021",0.002,0
"Guinea-Bissau",Jun 2021,"06","2021",0.002,0
"Guinea-Bissau",Mar 2021,"03","2021",0.002,0
"Guinea-Bissau",May 2021,"05","2021",0.002,0
"Guinea-Bissau",Nov 2021,"11","2021",0.003,0
"Guinea-Bissau",Oct 2021,"10","2021",0.003,0
"Guinea-Bissau",Sep 2021,"09","2021",0.003,0
"Guinea",Apr 2021,"04","2021",0.002,0
"Guinea",Aug 2021,"08","2021",0.002,0
"Guinea",Dec 2021,"12","2021",0.002,0
"Guinea",Feb 2021,"02","2021",0.001,0
"Guinea",Jan 2021,"01","2021",0.001,0
"Guinea",Jul 2021,"07","2021",0.002,0
"Guinea",Jun 2021,"06","2021",0.002,0
"Guinea",Mar 2021,"03","2021",0.001,0
"Guinea",May 2021,"05","2021",0.002,0
"Guinea",Nov 2021,"11","2021",0.002,0
"Guinea",Oct 2021,"10","2021",0.002,0
"Guinea",Sep 2021,"09","2021",0.002,0
"Guyana",Apr 2021,"04","2021",0.015,0
"Guyana",Aug 2021,"08","2021",0.03,0.001
"Guyana",Dec 2021,"12","2021",0.049,0.001
"Guyana",Feb 2021,"02","2021",0.01,0
"Guyana",Jan 2021,"01","2021",0.009,0
"Guyana",Jul 2021,"07","2021",0.027,0.001
"Guyana",Jun 2021,"06","2021",0.024,0.001
"Guyana",Mar 2021,"03","2021",0.012,0
"Guyana",May 2021,"05","2021",0.019,0
"Guyana",Nov 2021,"11","2021",0.047,0.001
"Guyana",Oct 2021,"10","2021",0.043,0.001
"Guyana",Sep 2021,"09","2021",0.037,0.001
"Haiti",Apr 2021,"04","2021",0.001,0
"Haiti",Aug 2021,"08","2021",0.002,0
"Haiti",Dec 2021,"12","2021",0.002,0
"Haiti",Feb 2021,"02","2021",0.001,0
"Haiti",Jan 2021,"01","2021",0.001,0
"Haiti",Jul 2021,"07","2021",0.002,0
"Haiti",Jun 2021,"06","2021",0.002,0
"Haiti",Mar 2021,"03","2021",0.001,0
"Haiti",May 2021,"05","2021",0.001,0
"Haiti",Nov 2021,"11","2021",0.002,0
"Haiti",Oct 2021,"10","2021",0.002,0
"Haiti",Sep 2021,"09","2021",0.002,0
"Holy See",Apr 2021,"04","2021",0.033,0
"Holy See",Aug 2021,"08","2021",0.033,0
"Holy See",Dec 2021,"12","2021",0.033,0
"Holy See",Feb 2021,"02","2021",0.033,0
"Holy See",Jan 2021,"01","2021",0.033,0
"Holy See",Jul 2021,"07","2021",0.033,0
"Holy See",Jun 2021,"06","2021",0.033,0
"Holy See",Mar 2021,"03","2021",0.033,0
"Holy See",May 2021,"05","2021",0.033,0
"Holy See",Nov 2021,"11","2021",0.033,0
"Holy See",Oct 2021,"10","2021",0.033,0
"Holy See",Sep 2021,"09","2021",0.033,0
"Honduras",Apr 2021,"04","2021",0.02,0
"Honduras",Aug 2021,"08","2021",0.032,0.001
"Honduras",Dec 2021,"12","2021",0.038,0.001
"Honduras",Feb 2021,"02","2021",0.016,0
"Honduras",Jan 2021,"01","2021",0.014,0
"Honduras",Jul 2021,"07","2021",0.028,0.001
"Honduras",Jun 2021,"06","2021",0.025,0.001
"Honduras",Mar 2021,"03","2021",0.018,0
"Honduras",May 2021,"05","2021",0.023,0.001
"Honduras",Nov 2021,"11","2021",0.038,0.001
"Honduras",Oct 2021,"10","2021",0.038,0.001
"Honduras",Sep 2021,"09","2021",0.036,0.001
"Hungary",Apr 2021,"04","2021",0.076,0.003
"Hungary",Aug 2021,"08","2021",0.084,0.003
"Hungary",Dec 2021,"12","2021",0.124,0.004
"Hungary",Feb 2021,"02","2021",0.04,0.001
"Hungary",Jan 2021,"01","2021",0.036,0.001
"Hungary",Jul 2021,"07","2021",0.084,0.003
"Hungary",Jun 2021,"06","2021",0.084,0.003
"Hungary",Mar 2021,"03","2021",0.055,0.002
"Hungary",May 2021,"05","2021",0.082,0.003
"Hungary",Nov 2021,"11","2021",0.101,0.003
"Hungary",Oct 2021,"10","2021",0.087,0.003
"Hungary",Sep 2021,"09","2021",0.085,0.003
"Iceland",Apr 2021,"04","2021",0.019,0
"Iceland",Aug 2021,"08","2021",0.028,0
"Iceland",Dec 2021,"12","2021",0.061,0
"Iceland",Feb 2021,"02","2021",0.018,0
"Iceland",Jan 2021,"01","2021",0.017,0
"Iceland",Jul 2021,"07","2021",0.02,0
"Iceland",Jun 2021,"06","2021",0.019,0
"Iceland",Mar 2021,"03","2021",0.018,0
"Iceland",May 2021,"05","2021",0.019,0
"Iceland",Nov 2021,"11","2021",0.046,0
"Iceland",Oct 2021,"10","2021",0.037,0
"Iceland",Sep 2021,"09","2021",0.033,0
"India",Apr 2021,"04","2021",12.212,0.147
"India",Aug 2021,"08","2021",26.398,0.354
"India",Dec 2021,"12","2021",28.422,0.39
"India",Feb 2021,"02","2021",8.945,0.128
"India",Jan 2021,"01","2021",8.632,0.124
"India",Jul 2021,"07","2021",25.424,0.338
"India",Jun 2021,"06","2021",24.199,0.306
"India",Mar 2021,"03","2021",9.439,0.13
"India",May 2021,"05","2021",20.092,0.225
"India",Nov 2021,"11","2021",28.204,0.38
"India",Oct 2021,"10","2021",27.878,0.37
"India",Sep 2021,"09","2021",27.302,0.363
"Indonesia",Apr 2021,"04","2021",0.006,0
"Indonesia",Aug 2021,"08","2021",0.014,0
"Indonesia",Dec 2021,"12","2021",0.016,0.001
"Indonesia",Feb 2021,"02","2021",0.004,0
"Indonesia",Jan 2021,"01","2021",0.003,0
"Indonesia",Jul 2021,"07","2021",0.01,0
"Indonesia",Jun 2021,"06","2021",0.007,0
"Indonesia",Mar 2021,"03","2021",0.005,0
"Indonesia",May 2021,"05","2021",0.006,0
"Indonesia",Nov 2021,"11","2021",0.016,0.001
"Indonesia",Oct 2021,"10","2021",0.015,0.001
"Indonesia",Sep 2021,"09","2021",0.015,0.001
"Iran",Apr 2021,"04","2021",0.026,0.001
"Iran",Aug 2021,"08","2021",0.053,0.001
"Iran",Dec 2021,"12","2021",0.073,0.002
"Iran",Feb 2021,"02","2021",0.018,0.001
"Iran",Jan 2021,"01","2021",0.016,0.001
"Iran",Jul 2021,"07","2021",0.042,0.001
"Iran",Jun 2021,"06","2021",0.036,0.001
"Iran",Mar 2021,"03","2021",0.021,0.001
"Iran",May 2021,"05","2021",0.033,0.001
"Iran",Nov 2021,"11","2021",0.072,0.002
"Iran",Oct 2021,"10","2021",0.069,0.001
"Iran",Sep 2021,"09","2021",0.064,0.001
"Iraq",Apr 2021,"04","2021",0.024,0
"Iraq",Aug 2021,"08","2021",0.044,0
"Iraq",Dec 2021,"12","2021",0.052,0.001
"Iraq",Feb 2021,"02","2021",0.016,0
"Iraq",Jan 2021,"01","2021",0.015,0
"Iraq",Jul 2021,"07","2021",0.037,0
"Iraq",Jun 2021,"06","2021",0.032,0
"Iraq",Mar 2021,"03","2021",0.019,0
"Iraq",May 2021,"05","2021",0.028,0
"Iraq",Nov 2021,"11","2021",0.051,0.001
"Iraq",Oct 2021,"10","2021",0.051,0.001
"Iraq",Sep 2021,"09","2021",0.049,0.001
"Ireland",Apr 2021,"04","2021",0.049,0.001
"Ireland",Aug 2021,"08","2021",0.066,0.001
"Ireland",Dec 2021,"12","2021",0.132,0.001
"Ireland",Feb 2021,"02","2021",0.042,0.001
"Ireland",Jan 2021,"01","2021",0.032,0.001
"Ireland",Jul 2021,"07","2021",0.058,0.001
"Ireland",Jun 2021,"06","2021",0.054,0.001
"Ireland",Mar 2021,"03","2021",0.046,0.001
"Ireland",May 2021,"05","2021",0.052,0.001
"Ireland",Nov 2021,"11","2021",0.103,0.001
"Ireland",Oct 2021,"10","2021",0.084,0.001
"Ireland",Sep 2021,"09","2021",0.075,0.001
"Israel",Apr 2021,"04","2021",0.097,0.001
"Israel",Aug 2021,"08","2021",0.111,0.001
"Israel",Dec 2021,"12","2021",0.157,0.001
"Israel",Feb 2021,"02","2021",0.084,0.001
"Israel",Jan 2021,"01","2021",0.062,0
"Israel",Jul 2021,"07","2021",0.099,0.001
"Israel",Jun 2021,"06","2021",0.097,0.001
"Israel",Mar 2021,"03","2021",0.094,0.001
"Israel",May 2021,"05","2021",0.097,0.001
"Israel",Nov 2021,"11","2021",0.155,0.001
"Israel",Oct 2021,"10","2021",0.152,0.001
"Israel",Sep 2021,"09","2021",0.138,0.001
"Italy",Apr 2021,"04","2021",4.124,0.125
"Italy",Aug 2021,"08","2021",4.791,0.139
"Italy",Dec 2021,"12","2021",5.799,0.146
"Italy",Feb 2021,"02","2021",2.941,0.101
"Italy",Jan 2021,"01","2021",2.535,0.088
"Italy",Jul 2021,"07","2021",4.623,0.138
"Italy",Jun 2021,"06","2021",4.574,0.137
"Italy",Mar 2021,"03","2021",3.517,0.111
"Italy",May 2021,"05","2021",4.468,0.134
"Italy",Nov 2021,"11","2021",5.261,0.143
"Italy",Oct 2021,"10","2021",5.084,0.142
"Italy",Sep 2021,"09","2021",4.975,0.14
"Jamaica",Apr 2021,"04","2021",0.015,0
"Jamaica",Aug 2021,"08","2021",0.02,0
"Jamaica",Dec 2021,"12","2021",0.031,0.001
"Jamaica",Feb 2021,"02","2021",0.007,0
"Jamaica",Jan 2021,"01","2021",0.005,0
"Jamaica",Jul 2021,"07","2021",0.017,0
"Jamaica",Jun 2021,"06","2021",0.017,0
"Jamaica",Mar 2021,"03","2021",0.011,0
"Jamaica",May 2021,"05","2021",0.016,0
"Jamaica",Nov 2021,"11","2021",0.03,0.001
"Jamaica",Oct 2021,"10","2021",0.029,0.001
"Jamaica",Sep 2021,"09","2021",0.026,0.001
"Japan",Apr 2021,"04","2021",0.352,0.006
"Japan",Aug 2021,"08","2021",0.793,0.01
"Japan",Dec 2021,"12","2021",1.153,0.012
"Japan",Feb 2021,"02","2021",0.277,0.005
"Japan",Jan 2021,"01","2021",0.213,0.003
"Japan",Jul 2021,"07","2021",0.562,0.01
"Japan",Jun 2021,"06","2021",0.518,0.009
"Japan",Mar 2021,"03","2021",0.301,0.006
"Japan",May 2021,"05","2021",0.453,0.008
"Japan",Nov 2021,"11","2021",1.15,0.012
"Japan",Oct 2021,"10","2021",1.144,0.012
"Japan",Sep 2021,"09","2021",1.097,0.011
"Jordan",Apr 2021,"04","2021",0.066,0.001
"Jordan",Aug 2021,"08","2021",0.077,0.001
"Jordan",Dec 2021,"12","2021",0.1,0.001
"Jordan",Feb 2021,"02","2021",0.035,0
"Jordan",Jan 2021,"01","2021",0.031,0
"Jordan",Jul 2021,"07","2021",0.075,0.001
"Jordan",Jun 2021,"06","2021",0.073,0.001
"Jordan",Mar 2021,"03","2021",0.049,0.001
"Jordan",May 2021,"05","2021",0.071,0.001
"Jordan",Nov 2021,"11","2021",0.088,0.001
"Jordan",Oct 2021,"10","2021",0.082,0.001
"Jordan",Sep 2021,"09","2021",0.079,0.001
"Kazakhstan",Apr 2021,"04","2021",0.018,0
"Kazakhstan",Aug 2021,"08","2021",0.041,0.001
"Kazakhstan",Dec 2021,"12","2021",0.057,0.001
"Kazakhstan",Feb 2021,"02","2021",0.013,0
"Kazakhstan",Jan 2021,"01","2021",0.012,0
"Kazakhstan",Jul 2021,"07","2021",0.029,0
"Kazakhstan",Jun 2021,"06","2021",0.025,0
"Kazakhstan",Mar 2021,"03","2021",0.015,0
"Kazakhstan",May 2021,"05","2021",0.022,0
"Kazakhstan",Nov 2021,"11","2021",0.055,0.001
"Kazakhstan",Oct 2021,"10","2021",0.053,0.001
"Kazakhstan",Sep 2021,"09","2021",0.049,0.001
"Kenya",Apr 2021,"04","2021",0.003,0
"Kenya",Aug 2021,"08","2021",0.004,0
"Kenya",Dec 2021,"12","2021",0.005,0
"Kenya",Feb 2021,"02","2021",0.002,0
"Kenya",Jan 2021,"01","2021",0.002,0
"Kenya",Jul 2021,"07","2021",0.004,0
"Kenya",Jun 2021,"06","2021",0.003,0
"Kenya",Mar 2021,"03","2021",0.002,0
"Kenya",May 2021,"05","2021",0.003,0
"Kenya",Nov 2021,"11","2021",0.005,0
"Kenya",Oct 2021,"10","2021",0.005,0
"Kenya",Sep 2021,"09","2021",0.005,0
"Kiribati",Apr 2021,"04","2021",0,0
"Kiribati",Aug 2021,"08","2021",0,0
"Kiribati",Dec 2021,"12","2021",0,0
"Kiribati",Feb 2021,"02","2021",0,0
"Kiribati",Jan 2021,"01","2021",0,0
"Kiribati",Jul 2021,"07","2021",0,0
"Kiribati",Jun 2021,"06","2021",0,0
"Kiribati",Mar 2021,"03","2021",0,0
"Kiribati",May 2021,"05","2021",0,0
"Kiribati",Nov 2021,"11","2021",0,0
"Kiribati",Oct 2021,"10","2021",0,0
"Kiribati",Sep 2021,"09","2021",0,0
"Korea, North",Apr 2021,"04","2021",0,0
"Korea, North",Aug 2021,"08","2021",0,0
"Korea, North",Dec 2021,"12","2021",0,0
"Korea, North",Feb 2021,"02","2021",0,0
"Korea, North",Jan 2021,"01","2021",0,0
"Korea, North",Jul 2021,"07","2021",0,0
"Korea, North",Jun 2021,"06","2021",0,0
"Korea, North",Mar 2021,"03","2021",0,0
"Korea, North",May 2021,"05","2021",0,0
"Korea, North",Nov 2021,"11","2021",0,0
"Korea, North",Oct 2021,"10","2021",0,0
"Korea, North",Sep 2021,"09","2021",0,0
"Korea, South",Apr 2021,"04","2021",0.002,0
"Korea, South",Aug 2021,"08","2021",0.004,0
"Korea, South",Dec 2021,"12","2021",0.011,0
"Korea, South",Feb 2021,"02","2021",0.002,0
"Korea, South",Jan 2021,"01","2021",0.001,0
"Korea, South",Jul 2021,"07","2021",0.003,0
"Korea, South",Jun 2021,"06","2021",0.003,0
"Korea, South",Mar 2021,"03","2021",0.002,0
"Korea, South",May 2021,"05","2021",0.003,0
"Korea, South",Nov 2021,"11","2021",0.008,0
"Korea, South",Oct 2021,"10","2021",0.007,0
"Korea, South",Sep 2021,"09","2021",0.006,0
"Kosovo",Apr 2021,"04","2021",0.054,0.001
"Kosovo",Aug 2021,"08","2021",0.067,0.001
"Kosovo",Dec 2021,"12","2021",0.089,0.002
"Kosovo",Feb 2021,"02","2021",0.036,0.001
"Kosovo",Jan 2021,"01","2021",0.031,0.001
"Kosovo",Jul 2021,"07","2021",0.06,0.001
"Kosovo",Jun 2021,"06","2021",0.059,0.001
"Kosovo",Mar 2021,"03","2021",0.043,0.001
"Kosovo",May 2021,"05","2021",0.059,0.001
"Kosovo",Nov 2021,"11","2021",0.089,0.002
"Kosovo",Oct 2021,"10","2021",0.089,0.002
"Kosovo",Sep 2021,"09","2021",0.087,0.002
"Kuwait",Apr 2021,"04","2021",0.059,0
"Kuwait",Aug 2021,"08","2021",0.095,0.001
"Kuwait",Dec 2021,"12","2021",0.097,0.001
"Kuwait",Feb 2021,"02","2021",0.042,0
"Kuwait",Jan 2021,"01","2021",0.037,0
"Kuwait",Jul 2021,"07","2021",0.089,0.001
"Kuwait",Jun 2021,"06","2021",0.078,0
"Kuwait",Mar 2021,"03","2021",0.05,0
"Kuwait",May 2021,"05","2021",0.068,0
"Kuwait",Nov 2021,"11","2021",0.097,0.001
"Kuwait",Oct 2021,"10","2021",0.097,0.001
"Kuwait",Sep 2021,"09","2021",0.096,0.001
"Kyrgyzstan",Apr 2021,"04","2021",0.014,0
"Kyrgyzstan",Aug 2021,"08","2021",0.026,0
"Kyrgyzstan",Dec 2021,"12","2021",0.028,0
"Kyrgyzstan",Feb 2021,"02","2021",0.013,0
"Kyrgyzstan",Jan 2021,"01","2021",0.013,0
"Kyrgyzstan",Jul 2021,"07","2021",0.022,0
"Kyrgyzstan",Jun 2021,"06","2021",0.017,0
"Kyrgyzstan",Mar 2021,"03","2021",0.013,0
"Kyrgyzstan",May 2021,"05","2021",0.015,0
"Kyrgyzstan",Nov 2021,"11","2021",0.028,0
"Kyrgyzstan",Oct 2021,"10","2021",0.028,0
"Kyrgyzstan",Sep 2021,"09","2021",0.027,0
"Laos",Apr 2021,"04","2021",0,0
"Laos",Aug 2021,"08","2021",0.001,0
"Laos",Dec 2021,"12","2021",0.013,0
"Laos",Feb 2021,"02","2021",0,0
"Laos",Jan 2021,"01","2021",0,0
"Laos",Jul 2021,"07","2021",0,0
"Laos",Jun 2021,"06","2021",0,0
"Laos",Mar 2021,"03","2021",0,0
"Laos",May 2021,"05","2021",0,0
"Laos",Nov 2021,"11","2021",0.008,0
"Laos",Oct 2021,"10","2021",0.004,0
"Laos",Sep 2021,"09","2021",0.003,0
"Latvia",Apr 2021,"04","2021",0.058,0.001
"Latvia",Aug 2021,"08","2021",0.074,0.001
"Latvia",Dec 2021,"12","2021",0.14,0.002
"Latvia",Feb 2021,"02","2021",0.041,0.001
"Latvia",Jan 2021,"01","2021",0.029,0.001
"Latvia",Jul 2021,"07","2021",0.073,0.001
"Latvia",Jun 2021,"06","2021",0.072,0.001
"Latvia",Mar 2021,"03","2021",0.05,0.001
"Latvia",May 2021,"05","2021",0.067,0.001
"Latvia",Nov 2021,"11","2021",0.127,0.002
"Latvia",Oct 2021,"10","2021",0.098,0.002
"Latvia",Sep 2021,"09","2021",0.079,0.001
"Lebanon",Apr 2021,"04","2021",0.074,0.001
"Lebanon",Aug 2021,"08","2021",0.085,0.001
"Lebanon",Dec 2021,"12","2021",0.102,0.001
"Lebanon",Feb 2021,"02","2021",0.05,0.001
"Lebanon",Jan 2021,"01","2021",0.036,0
"Lebanon",Jul 2021,"07","2021",0.081,0.001
"Lebanon",Jun 2021,"06","2021",0.08,0.001
"Lebanon",Mar 2021,"03","2021",0.062,0.001
"Lebanon",May 2021,"05","2021",0.078,0.001
"Lebanon",Nov 2021,"11","2021",0.096,0.001
"Lebanon",Oct 2021,"10","2021",0.093,0.001
"Lebanon",Sep 2021,"09","2021",0.09,0.001
"Lesotho",Apr 2021,"04","2021",0.005,0
"Lesotho",Aug 2021,"08","2021",0.007,0
"Lesotho",Dec 2021,"12","2021",0.011,0
"Lesotho",Feb 2021,"02","2021",0.005,0
"Lesotho",Jan 2021,"01","2021",0.003,0
"Lesotho",Jul 2021,"07","2021",0.006,0
"Lesotho",Jun 2021,"06","2021",0.005,0
"Lesotho",Mar 2021,"03","2021",0.005,0
"Lesotho",May 2021,"05","2021",0.005,0
"Lesotho",Nov 2021,"11","2021",0.01,0
"Lesotho",Oct 2021,"10","2021",0.01,0
"Lesotho",Sep 2021,"09","2021",0.007,0
"Liberia",Apr 2021,"04","2021",0,0
"Liberia",Aug 2021,"08","2021",0.001,0
"Liberia",Dec 2021,"12","2021",0.001,0
"Liberia",Feb 2021,"02","2021",0,0
"Liberia",Jan 2021,"01","2021",0,0
"Liberia",Jul 2021,"07","2021",0.001,0
"Liberia",Jun 2021,"06","2021",0.001,0
"Liberia",Mar 2021,"03","2021",0,0
"Liberia",May 2021,"05","2021",0,0
"Liberia",Nov 2021,"11","2021",0.001,0
"Liberia",Oct 2021,"10","2021",0.001,0
"Liberia",Sep 2021,"09","2021",0.001,0
"Libya",Apr 2021,"04","2021",0.025,0
"Libya",Aug 2021,"08","2021",0.041,0.001
"Libya",Dec 2021,"12","2021",0.055,0.001
"Libya",Feb 2021,"02","2021",0.019,0
"Libya",Jan 2021,"01","2021",0.016,0
"Libya",Jul 2021,"07","2021",0.032,0
"Libya",Jun 2021,"06","2021",0.028,0
"Libya",Mar 2021,"03","2021",0.021,0
"Libya",May 2021,"05","2021",0.026,0
"Libya",Nov 2021,"11","2021",0.053,0.001
"Libya",Oct 2021,"10","2021",0.051,0.001
"Libya",Sep 2021,"09","2021",0.048,0.001
"Liechtenstein",Apr 2021,"04","2021",0.076,0.001
"Liechtenstein",Aug 2021,"08","2021",0.086,0.002
"Liechtenstein",Dec 2021,"12","2021",0.145,0.002
"Liechtenstein",Feb 2021,"02","2021",0.068,0.001
"Liechtenstein",Jan 2021,"01","2021",0.064,0.001
"Liechtenstein",Jul 2021,"07","2021",0.083,0.002
"Liechtenstein",Jun 2021,"06","2021",0.082,0.002
"Liechtenstein",Mar 2021,"03","2021",0.071,0.001
"Liechtenstein",May 2021,"05","2021",0.081,0.001
"Liechtenstein",Nov 2021,"11","2021",0.106,0.002
"Liechtenstein",Oct 2021,"10","2021",0.094,0.002
"Liechtenstein",Sep 2021,"09","2021",0.092,0.002
"Lithuania",Apr 2021,"04","2021",0.085,0.001
"Lithuania",Aug 2021,"08","2021",0.107,0.002
"Lithuania",Dec 2021,"12","2021",0.184,0.003
"Lithuania",Feb 2021,"02","2021",0.071,0.001
"Lithuania",Jan 2021,"01","2021",0.062,0.001
"Lithuania",Jul 2021,"07","2021",0.103,0.002
"Lithuania",Jun 2021,"06","2021",0.102,0.002
"Lithuania",Mar 2021,"03","2021",0.076,0.001
"Lithuania",May 2021,"05","2021",0.097,0.002
"Lithuania",Nov 2021,"11","2021",0.164,0.002
"Lithuania",Oct 2021,"10","2021",0.136,0.002
"Lithuania",Sep 2021,"09","2021",0.115,0.002
"Luxembourg",Apr 2021,"04","2021",0.103,0.001
"Luxembourg",Aug 2021,"08","2021",0.119,0.001
"Luxembourg",Dec 2021,"12","2021",0.153,0.001
"Luxembourg",Feb 2021,"02","2021",0.085,0.001
"Luxembourg",Jan 2021,"01","2021",0.078,0.001
"Luxembourg",Jul 2021,"07","2021",0.116,0.001
"Luxembourg",Jun 2021,"06","2021",0.113,0.001
"Luxembourg",Mar 2021,"03","2021",0.093,0.001
"Luxembourg",May 2021,"05","2021",0.11,0.001
"Luxembourg",Nov 2021,"11","2021",0.136,0.001
"Luxembourg",Oct 2021,"10","2021",0.128,0.001
"Luxembourg",Sep 2021,"09","2021",0.123,0.001
"Madagascar",Apr 2021,"04","2021",0.001,0
"Madagascar",Aug 2021,"08","2021",0.002,0
"Madagascar",Dec 2021,"12","2021",0.002,0
"Madagascar",Feb 2021,"02","2021",0.001,0
"Madagascar",Jan 2021,"01","2021",0.001,0
"Madagascar",Jul 2021,"07","2021",0.002,0
"Madagascar",Jun 2021,"06","2021",0.002,0
"Madagascar",Mar 2021,"03","2021",0.001,0
"Madagascar",May 2021,"05","2021",0.001,0
"Madagascar",Nov 2021,"11","2021",0.002,0
"Madagascar",Oct 2021,"10","2021",0.002,0
"Madagascar",Sep 2021,"09","2021",0.002,0
"Malawi",Apr 2021,"04","2021",0.002,0
"Malawi",Aug 2021,"08","2021",0.003,0
"Malawi",Dec 2021,"12","2021",0.003,0
"Malawi",Feb 2021,"02","2021",0.002,0
"Malawi",Jan 2021,"01","2021",0.001,0
"Malawi",Jul 2021,"07","2021",0.002,0
"Malawi",Jun 2021,"06","2021",0.002,0
"Malawi",Mar 2021,"03","2021",0.002,0
"Malawi",May 2021,"05","2021",0.002,0
"Malawi",Nov 2021,"11","2021",0.003,0
"Malawi",Oct 2021,"10","2021",0.003,0
"Malawi",Sep 2021,"09","2021",0.003,0
"Malaysia",Apr 2021,"04","2021",0.666,0.002
"Malaysia",Aug 2021,"08","2021",2.557,0.023
"Malaysia",Dec 2021,"12","2021",4.834,0.055
"Malaysia",Feb 2021,"02","2021",0.471,0.002
"Malaysia",Jan 2021,"01","2021",0.282,0.001
"Malaysia",Jul 2021,"07","2021",1.621,0.012
"Malaysia",Jun 2021,"06","2021",1.197,0.007
"Malaysia",Mar 2021,"03","2021",0.582,0.002
"Malaysia",May 2021,"05","2021",0.856,0.004
"Malaysia",Nov 2021,"11","2021",4.568,0.053
"Malaysia",Oct 2021,"10","2021",4.248,0.05
"Malaysia",Sep 2021,"09","2021",3.624,0.039
"Maldives",Apr 2021,"04","2021",0.049,0
"Maldives",Aug 2021,"08","2021",0.147,0
"Maldives",Dec 2021,"12","2021",0.173,0
"Maldives",Feb 2021,"02","2021",0.033,0
"Maldives",Jan 2021,"01","2021",0.027,0
"Maldives",Jul 2021,"07","2021",0.14,0
"Maldives",Jun 2021,"06","2021",0.13,0
"Maldives",Mar 2021,"03","2021",0.041,0
"Maldives",May 2021,"05","2021",0.085,0
"Maldives",Nov 2021,"11","2021",0.166,0
"Maldives",Oct 2021,"10","2021",0.159,0
"Maldives",Sep 2021,"09","2021",0.154,0
"Mali",Apr 2021,"04","2021",0.001,0
"Mali",Aug 2021,"08","2021",0.001,0
"Mali",Dec 2021,"12","2021",0.001,0
"Mali",Feb 2021,"02","2021",0,0
"Mali",Jan 2021,"01","2021",0,0
"Mali",Jul 2021,"07","2021",0.001,0
"Mali",Jun 2021,"06","2021",0.001,0
"Mali",Mar 2021,"03","2021",0,0
"Mali",May 2021,"05","2021",0.001,0
"Mali",Nov 2021,"11","2021",0.001,0
"Mali",Oct 2021,"10","2021",0.001,0
"Mali",Sep 2021,"09","2021",0.001,0
"Malta",Apr 2021,"04","2021",0.067,0.001
"Malta",Aug 2021,"08","2021",0.08,0.001
"Malta",Dec 2021,"12","2021",0.097,0.001
"Malta",Feb 2021,"02","2021",0.045,0.001
"Malta",Jan 2021,"01","2021",0.035,0.001
"Malta",Jul 2021,"07","2021",0.073,0.001
"Malta",Jun 2021,"06","2021",0.069,0.001
"Malta",Mar 2021,"03","2021",0.06,0.001
"Malta",May 2021,"05","2021",0.069,0.001
"Malta",Nov 2021,"11","2021",0.087,0.001
"Malta",Oct 2021,"10","2021",0.085,0.001
"Malta",Sep 2021,"09","2021",0.083,0.001
"Marshall Islands",Apr 2021,"04","2021",0,0
"Marshall Islands",Aug 2021,"08","2021",0,0
"Marshall Islands",Dec 2021,"12","2021",0,0
"Marshall Islands",Feb 2021,"02","2021",0,0
"Marshall Islands",Jan 2021,"01","2021",0,0
"Marshall Islands",Jul 2021,"07","2021",0,0
"Marshall Islands",Jun 2021,"06","2021",0,0
"Marshall Islands",Mar 2021,"03","2021",0,0
"Marshall Islands",May 2021,"05","2021",0,0
"Marshall Islands",Nov 2021,"11","2021",0,0
"Marshall Islands",Oct 2021,"10","2021",0,0
"Marshall Islands",Sep 2021,"09","2021",0,0
"Mauritania",Apr 2021,"04","2021",0.004,0
"Mauritania",Aug 2021,"08","2021",0.006,0
"Mauritania",Dec 2021,"12","2021",0.009,0
"Mauritania",Feb 2021,"02","2021",0.004,0
"Mauritania",Jan 2021,"01","2021",0.003,0
"Mauritania",Jul 2021,"07","2021",0.005,0
"Mauritania",Jun 2021,"06","2021",0.004,0
"Mauritania",Mar 2021,"03","2021",0.004,0
"Mauritania",May 2021,"05","2021",0.004,0
"Mauritania",Nov 2021,"11","2021",0.008,0
"Mauritania",Oct 2021,"10","2021",0.008,0
"Mauritania",Sep 2021,"09","2021",0.008,0
"Mauritius",Apr 2021,"04","2021",0.001,0
"Mauritius",Aug 2021,"08","2021",0.005,0
"Mauritius",Dec 2021,"12","2021",0.05,0.001
"Mauritius",Feb 2021,"02","2021",0,0
"Mauritius",Jan 2021,"01","2021",0,0
"Mauritius",Jul 2021,"07","2021",0.002,0
"Mauritius",Jun 2021,"06","2021",0.001,0
"Mauritius",Mar 2021,"03","2021",0.001,0
"Mauritius",May 2021,"05","2021",0.001,0
"Mauritius",Nov 2021,"11","2021",0.033,0
"Mauritius",Oct 2021,"10","2021",0.014,0
"Mauritius",Sep 2021,"09","2021",0.011,0
"Mexico",Apr 2021,"04","2021",0.934,0.086
"Mexico",Aug 2021,"08","2021",1.266,0.102
"Mexico",Dec 2021,"12","2021",1.597,0.121
"Mexico",Feb 2021,"02","2021",0.809,0.071
"Mexico",Jan 2021,"01","2021",0.665,0.057
"Mexico",Jul 2021,"07","2021",1.079,0.096
"Mexico",Jun 2021,"06","2021",1.003,0.094
"Mexico",Mar 2021,"03","2021",0.883,0.079
"Mexico",May 2021,"05","2021",0.969,0.09
"Mexico",Nov 2021,"11","2021",1.565,0.119
"Mexico",Oct 2021,"10","2021",1.524,0.115
"Mexico",Sep 2021,"09","2021",1.437,0.11
"Micronesia",Apr 2021,"04","2021",0,0
"Micronesia",Aug 2021,"08","2021",0,0
"Micronesia",Dec 2021,"12","2021",0,0
"Micronesia",Feb 2021,"02","2021",0,0
"Micronesia",Jan 2021,"01","2021",0,0
"Micronesia",Jul 2021,"07","2021",0,0
"Micronesia",Jun 2021,"06","2021",0,0
"Micronesia",Mar 2021,"03","2021",0,0
"Micronesia",May 2021,"05","2021",0,0
"Micronesia",Nov 2021,"11","2021",0,0
"Micronesia",Oct 2021,"10","2021",0,0
"Micronesia",Sep 2021,"09","2021",0,0
"Moldova",Apr 2021,"04","2021",5.438,0.122
"Moldova",Aug 2021,"08","2021",5.878,0.141
"Moldova",Dec 2021,"12","2021",8.29,0.211
"Moldova",Feb 2021,"02","2021",3.831,0.082
"Moldova",Jan 2021,"01","2021",3.406,0.072
"Moldova",Jul 2021,"07","2021",5.765,0.139
"Moldova",Jun 2021,"06","2021",5.721,0.138
"Moldova",Mar 2021,"03","2021",4.65,0.099
"Moldova",May 2021,"05","2021",5.668,0.134
"Moldova",Nov 2021,"11","2021",7.898,0.191
"Moldova",Oct 2021,"10","2021",7.062,0.162
"Moldova",Sep 2021,"09","2021",6.245,0.147
"Monaco",Apr 2021,"04","2021",0.061,0.001
"Monaco",Aug 2021,"08","2021",0.078,0.001
"Monaco",Dec 2021,"12","2021",0.11,0.001
"Monaco",Feb 2021,"02","2021",0.045,0.001
"Monaco",Jan 2021,"01","2021",0.03,0
"Monaco",Jul 2021,"07","2021",0.069,0.001
"Monaco",Jun 2021,"06","2021",0.065,0.001
"Monaco",Mar 2021,"03","2021",0.054,0.001
"Monaco",May 2021,"05","2021",0.063,0.001
"Monaco",Nov 2021,"11","2021",0.09,0.001
"Monaco",Oct 2021,"10","2021",0.086,0.001
"Monaco",Sep 2021,"09","2021",0.084,0.001
"Mongolia",Apr 2021,"04","2021",0.006,0
"Mongolia",Aug 2021,"08","2021",0.057,0
"Mongolia",Dec 2021,"12","2021",0.209,0.001
"Mongolia",Feb 2021,"02","2021",0.001,0
"Mongolia",Jan 2021,"01","2021",0,0
"Mongolia",Jul 2021,"07","2021",0.044,0
"Mongolia",Jun 2021,"06","2021",0.026,0
"Mongolia",Mar 2021,"03","2021",0.001,0
"Mongolia",May 2021,"05","2021",0.015,0
"Mongolia",Nov 2021,"11","2021",0.195,0.001
"Mongolia",Oct 2021,"10","2021",0.148,0
"Mongolia",Sep 2021,"09","2021",0.088,0
"Montenegro",Apr 2021,"04","2021",0.151,0.002
"Montenegro",Aug 2021,"08","2021",0.171,0.003
"Montenegro",Dec 2021,"12","2021",0.257,0.004
"Montenegro",Feb 2021,"02","2021",0.11,0.001
"Montenegro",Jan 2021,"01","2021",0.088,0.001
"Montenegro",Jul 2021,"07","2021",0.16,0.003
"Montenegro",Jun 2021,"06","2021",0.159,0.003
"Montenegro",Mar 2021,"03","2021",0.134,0.002
"Montenegro",May 2021,"05","2021",0.157,0.002
"Montenegro",Nov 2021,"11","2021",0.242,0.004
"Montenegro",Oct 2021,"10","2021",0.219,0.003
"Montenegro",Sep 2021,"09","2021",0.197,0.003
"Morocco",Apr 2021,"04","2021",0.014,0
"Morocco",Aug 2021,"08","2021",0.021,0
"Morocco",Dec 2021,"12","2021",0.026,0
"Morocco",Feb 2021,"02","2021",0.013,0
"Morocco",Jan 2021,"01","2021",0.012,0
"Morocco",Jul 2021,"07","2021",0.015,0
"Morocco",Jun 2021,"06","2021",0.014,0
"Morocco",Mar 2021,"03","2021",0.013,0
"Morocco",May 2021,"05","2021",0.014,0
"Morocco",Nov 2021,"11","2021",0.026,0
"Morocco",Oct 2021,"10","2021",0.025,0
"Morocco",Sep 2021,"09","2021",0.025,0
"Mozambique",Apr 2021,"04","2021",0.002,0
"Mozambique",Aug 2021,"08","2021",0.004,0
"Mozambique",Dec 2021,"12","2021",0.005,0
"Mozambique",Feb 2021,"02","2021",0.002,0
"Mozambique",Jan 2021,"01","2021",0.001,0
"Mozambique",Jul 2021,"07","2021",0.003,0
"Mozambique",Jun 2021,"06","2021",0.002,0
"Mozambique",Mar 2021,"03","2021",0.002,0
"Mozambique",May 2021,"05","2021",0.002,0
"Mozambique",Nov 2021,"11","2021",0.005,0
"Mozambique",Oct 2021,"10","2021",0.005,0
"Mozambique",Sep 2021,"09","2021",0.005,0
"Namibia",Apr 2021,"04","2021",0.018,0
"Namibia",Aug 2021,"08","2021",0.048,0.001
"Namibia",Dec 2021,"12","2021",0.054,0.001
"Namibia",Feb 2021,"02","2021",0.014,0
"Namibia",Jan 2021,"01","2021",0.012,0
"Namibia",Jul 2021,"07","2021",0.043,0.001
"Namibia",Jun 2021,"06","2021",0.027,0
"Namibia",Mar 2021,"03","2021",0.016,0
"Namibia",May 2021,"05","2021",0.02,0
"Namibia",Nov 2021,"11","2021",0.051,0.001
"Namibia",Oct 2021,"10","2021",0.051,0.001
"Namibia",Sep 2021,"09","2021",0.05,0.001
"Nauru",Apr 2021,"04","2021",0,0
"Nauru",Aug 2021,"08","2021",0,0
"Nauru",Dec 2021,"12","2021",0,0
"Nauru",Feb 2021,"02","2021",0,0
"Nauru",Jan 2021,"01","2021",0,0
"Nauru",Jul 2021,"07","2021",0,0
"Nauru",Jun 2021,"06","2021",0,0
"Nauru",Mar 2021,"03","2021",0,0
"Nauru",May 2021,"05","2021",0,0
"Nauru",Nov 2021,"11","2021",0,0
"Nauru",Oct 2021,"10","2021",0,0
"Nauru",Sep 2021,"09","2021",0,0
"Nepal",Apr 2021,"04","2021",0.01,0
"Nepal",Aug 2021,"08","2021",0.025,0
"Nepal",Dec 2021,"12","2021",0.028,0
"Nepal",Feb 2021,"02","2021",0.009,0
"Nepal",Jan 2021,"01","2021",0.009,0
"Nepal",Jul 2021,"07","2021",0.023,0
"Nepal",Jun 2021,"06","2021",0.021,0
"Nepal",Mar 2021,"03","2021",0.009,0
"Nepal",May 2021,"05","2021",0.016,0
"Nepal",Nov 2021,"11","2021",0.028,0
"Nepal",Oct 2021,"10","2021",0.028,0
"Nepal",Sep 2021,"09","2021",0.027,0
"Netherlands",Apr 2021,"04","2021",1.52,0.018
"Netherlands",Aug 2021,"08","2021",2.081,0.02
"Netherlands",Dec 2021,"12","2021",3.199,0.022
"Netherlands",Feb 2021,"02","2021",1.127,0.016
"Netherlands",Jan 2021,"01","2021",0.987,0.014
"Netherlands",Jul 2021,"07","2021",1.94,0.019
"Netherlands",Jun 2021,"06","2021",1.826,0.019
"Netherlands",Mar 2021,"03","2021",1.284,0.017
"Netherlands",May 2021,"05","2021",1.74,0.019
"Netherlands",Nov 2021,"11","2021",2.587,0.021
"Netherlands",Oct 2021,"10","2021",2.249,0.02
"Netherlands",Sep 2021,"09","2021",2.162,0.02
"New Zealand",Apr 2021,"04","2021",0.19,0.002
"New Zealand",Aug 2021,"08","2021",0.225,0.002
"New Zealand",Dec 2021,"12","2021",0.972,0.003
"New Zealand",Feb 2021,"02","2021",0.172,0.002
"New Zealand",Jan 2021,"01","2021",0.166,0.002
"New Zealand",Jul 2021,"07","2021",0.207,0.002
"New Zealand",Jun 2021,"06","2021",0.2,0.002
"New Zealand",Mar 2021,"03","2021",0.18,0.002
"New Zealand",May 2021,"05","2021",0.196,0.002
"New Zealand",Nov 2021,"11","2021",0.677,0.003
"New Zealand",Oct 2021,"10","2021",0.381,0.002
"New Zealand",Sep 2021,"09","2021",0.295,0.002
"Nicaragua",Apr 2021,"04","2021",0.001,0
"Nicaragua",Aug 2021,"08","2021",0.001,0
"Nicaragua",Dec 2021,"12","2021",0.002,0
"Nicaragua",Feb 2021,"02","2021",0.001,0
"Nicaragua",Jan 2021,"01","2021",0.001,0
"Nicaragua",Jul 2021,"07","2021",0.001,0
"Nicaragua",Jun 2021,"06","2021",0.001,0
"Nicaragua",Mar 2021,"03","2021",0.001,0
"Nicaragua",May 2021,"05","2021",0.001,0
"Nicaragua",Nov 2021,"11","2021",0.002,0
"Nicaragua",Oct 2021,"10","2021",0.002,0
"Nicaragua",Sep 2021,"09","2021",0.002,0
"Niger",Apr 2021,"04","2021",0,0
"Niger",Aug 2021,"08","2021",0,0
"Niger",Dec 2021,"12","2021",0,0
"Niger",Feb 2021,"02","2021",0,0
"Niger",Jan 2021,"01","2021",0,0
"Niger",Jul 2021,"07","2021",0,0
"Niger",Jun 2021,"06","2021",0,0
"Niger",Mar 2021,"03","2021",0,0
"Niger",May 2021,"05","2021",0,0
"Niger",Nov 2021,"11","2021",0,0
"Niger",Oct 2021,"10","2021",0,0
"Niger",Sep 2021,"09","2021",0,0
"Nigeria",Apr 2021,"04","2021",0.035,0
"Nigeria",Aug 2021,"08","2021",0.04,0
"Nigeria",Dec 2021,"12","2021",0.049,0.001
"Nigeria",Feb 2021,"02","2021",0.032,0
"Nigeria",Jan 2021,"01","2021",0.024,0
"Nigeria",Jul 2021,"07","2021",0.037,0
"Nigeria",Jun 2021,"06","2021",0.036,0
"Nigeria",Mar 2021,"03","2021",0.035,0
"Nigeria",May 2021,"05","2021",0.036,0
"Nigeria",Nov 2021,"11","2021",0.046,0.001
"Nigeria",Oct 2021,"10","2021",0.045,0.001
"Nigeria",Sep 2021,"09","2021",0.043,0.001
"North Macedonia",Apr 2021,"04","2021",0.069,0.002
"North Macedonia",Aug 2021,"08","2021",0.079,0.003
"North Macedonia",Dec 2021,"12","2021",0.106,0.004
"North Macedonia",Feb 2021,"02","2021",0.047,0.001
"North Macedonia",Jan 2021,"01","2021",0.042,0.001
"North Macedonia",Jul 2021,"07","2021",0.075,0.003
"North Macedonia",Jun 2021,"06","2021",0.075,0.003
"North Macedonia",Mar 2021,"03","2021",0.055,0.002
"North Macedonia",May 2021,"05","2021",0.074,0.002
"North Macedonia",Nov 2021,"11","2021",0.101,0.004
"North Macedonia",Oct 2021,"10","2021",0.095,0.003
"North Macedonia",Sep 2021,"09","2021",0.089,0.003
"Norway",Apr 2021,"04","2021",0.02,0
"Norway",Aug 2021,"08","2021",0.027,0
"Norway",Dec 2021,"12","2021",0.062,0
"Norway",Feb 2021,"02","2021",0.012,0
"Norway",Jan 2021,"01","2021",0.011,0
"Norway",Jul 2021,"07","2021",0.025,0
"Norway",Jun 2021,"06","2021",0.024,0
"Norway",Mar 2021,"03","2021",0.015,0
"Norway",May 2021,"05","2021",0.022,0
"Norway",Nov 2021,"11","2021",0.043,0
"Norway",Oct 2021,"10","2021",0.036,0
"Norway",Sep 2021,"09","2021",0.033,0
"Oman",Apr 2021,"04","2021",0.035,0
"Oman",Aug 2021,"08","2021",0.059,0.001
"Oman",Dec 2021,"12","2021",0.06,0.001
"Oman",Feb 2021,"02","2021",0.027,0
"Oman",Jan 2021,"01","2021",0.026,0
"Oman",Jul 2021,"07","2021",0.056,0.001
"Oman",Jun 2021,"06","2021",0.047,0.001
"Oman",Mar 2021,"03","2021",0.029,0
"Oman",May 2021,"05","2021",0.04,0
"Oman",Nov 2021,"11","2021",0.06,0.001
"Oman",Oct 2021,"10","2021",0.06,0.001
"Oman",Sep 2021,"09","2021",0.059,0.001
"Pakistan",Apr 2021,"04","2021",0.176,0.004
"Pakistan",Aug 2021,"08","2021",0.259,0.006
"Pakistan",Dec 2021,"12","2021",0.303,0.007
"Pakistan",Feb 2021,"02","2021",0.133,0.003
"Pakistan",Jan 2021,"01","2021",0.122,0.003
"Pakistan",Jul 2021,"07","2021",0.232,0.005
"Pakistan",Jun 2021,"06","2021",0.222,0.005
"Pakistan",Mar 2021,"03","2021",0.145,0.003
"Pakistan",May 2021,"05","2021",0.207,0.005
"Pakistan",Nov 2021,"11","2021",0.301,0.007
"Pakistan",Oct 2021,"10","2021",0.297,0.007
"Pakistan",Sep 2021,"09","2021",0.285,0.006
"Palau",Apr 2021,"04","2021",0,0
"Palau",Aug 2021,"08","2021",0,0
"Palau",Dec 2021,"12","2021",0,0
"Palau",Feb 2021,"02","2021",0,0
"Palau",Jan 2021,"01","2021",0,0
"Palau",Jul 2021,"07","2021",0,0
"Palau",Jun 2021,"06","2021",0,0
"Palau",Mar 2021,"03","2021",0,0
"Palau",May 2021,"05","2021",0,0
"Palau",Nov 2021,"11","2021",0,0
"Palau",Oct 2021,"10","2021",0,0
"Palau",Sep 2021,"09","2021",0,0
"Panama",Apr 2021,"04","2021",0.083,0.001
"Panama",Aug 2021,"08","2021",0.104,0.002
"Panama",Dec 2021,"12","2021",0.112,0.002
"Panama",Feb 2021,"02","2021",0.077,0.001
"Panama",Jan 2021,"01","2021",0.067,0.001
"Panama",Jul 2021,"07","2021",0.097,0.002
"Panama",Jun 2021,"06","2021",0.09,0.001
"Panama",Mar 2021,"03","2021",0.081,0.001
"Panama",May 2021,"05","2021",0.086,0.001
"Panama",Nov 2021,"11","2021",0.11,0.002
"Panama",Oct 2021,"10","2021",0.109,0.002
"Panama",Sep 2021,"09","2021",0.107,0.002
"Papua New Guinea",Apr 2021,"04","2021",0.001,0
"Papua New Guinea",Aug 2021,"08","2021",0.002,0
"Papua New Guinea",Dec 2021,"12","2021",0.004,0
"Papua New Guinea",Feb 2021,"02","2021",0,0
"Papua New Guinea",Jan 2021,"01","2021",0,0
"Papua New Guinea",Jul 2021,"07","2021",0.002,0
"Papua New Guinea",Jun 2021,"06","2021",0.002,0
"Papua New Guinea",Mar 2021,"03","2021",0,0
"Papua New Guinea",May 2021,"05","2021",0.002,0
"Papua New Guinea",Nov 2021,"11","2021",0.004,0
"Papua New Guinea",Oct 2021,"10","2021",0.003,0
"Papua New Guinea",Sep 2021,"09","2021",0.002,0
"Paraguay",Apr 2021,"04","2021",0.034,0.001
"Paraguay",Aug 2021,"08","2021",0.064,0.002
"Paraguay",Dec 2021,"12","2021",0.065,0.002
"Paraguay",Feb 2021,"02","2021",0.02,0
"Paraguay",Jan 2021,"01","2021",0.017,0
"Paraguay",Jul 2021,"07","2021",0.062,0.002
"Paraguay",Jun 2021,"06","2021",0.055,0.002
"Paraguay",Mar 2021,"03","2021",0.026,0.001
"Paraguay",May 2021,"05","2021",0.044,0.001
"Paraguay",Nov 2021,"11","2021",0.065,0.002
"Paraguay",Oct 2021,"10","2021",0.065,0.002
"Paraguay",Sep 2021,"09","2021",0.064,0.002
"Peru",Apr 2021,"04","2021",2.812,0.26
"Peru",Aug 2021,"08","2021",3.575,0.331
"Peru",Dec 2021,"12","2021",3.788,0.338
"Peru",Feb 2021,"02","2021",2.063,0.189
"Peru",Jan 2021,"01","2021",1.776,0.163
"Peru",Jul 2021,"07","2021",3.497,0.326
"Peru",Jun 2021,"06","2021",3.367,0.316
"Peru",Mar 2021,"03","2021",2.395,0.223
"Peru",May 2021,"05","2021",3.154,0.296
"Peru",Nov 2021,"11","2021",3.715,0.336
"Peru",Oct 2021,"10","2021",3.667,0.335
"Peru",Sep 2021,"09","2021",3.625,0.333
"Philippines",Apr 2021,"04","2021",0.008,0
"Philippines",Aug 2021,"08","2021",0.016,0
"Philippines",Dec 2021,"12","2021",0.026,0
"Philippines",Feb 2021,"02","2021",0.005,0
"Philippines",Jan 2021,"01","2021",0.005,0
"Philippines",Jul 2021,"07","2021",0.014,0
"Philippines",Jun 2021,"06","2021",0.012,0
"Philippines",Mar 2021,"03","2021",0.006,0
"Philippines",May 2021,"05","2021",0.01,0
"Philippines",Nov 2021,"11","2021",0.026,0
"Philippines",Oct 2021,"10","2021",0.025,0
"Philippines",Sep 2021,"09","2021",0.021,0
"Poland",Apr 2021,"04","2021",1.318,0.03
"Poland",Aug 2021,"08","2021",1.452,0.038
"Poland",Dec 2021,"12","2021",1.951,0.045
"Poland",Feb 2021,"02","2021",0.804,0.02
"Poland",Jan 2021,"01","2021",0.714,0.017
"Poland",Jul 2021,"07","2021",1.45,0.038
"Poland",Jun 2021,"06","2021",1.448,0.038
"Poland",Mar 2021,"03","2021",0.991,0.024
"Poland",May 2021,"05","2021",1.432,0.036
"Poland",Nov 2021,"11","2021",1.637,0.04
"Poland",Oct 2021,"10","2021",1.483,0.038
"Poland",Sep 2021,"09","2021",1.457,0.038
"Portugal",Apr 2021,"04","2021",0.081,0.002
"Portugal",Aug 2021,"08","2021",0.099,0.002
"Portugal",Dec 2021,"12","2021",0.12,0.002
"Portugal",Feb 2021,"02","2021",0.076,0.001
"Portugal",Jan 2021,"01","2021",0.054,0.001
"Portugal",Jul 2021,"07","2021",0.091,0.002
"Portugal",Jun 2021,"06","2021",0.084,0.002
"Portugal",Mar 2021,"03","2021",0.08,0.002
"Portugal",May 2021,"05","2021",0.083,0.002
"Portugal",Nov 2021,"11","2021",0.109,0.002
"Portugal",Oct 2021,"10","2021",0.106,0.002
"Portugal",Sep 2021,"09","2021",0.104,0.002
"Qatar",Apr 2021,"04","2021",0.067,0
"Qatar",Aug 2021,"08","2021",0.08,0
"Qatar",Dec 2021,"12","2021",0.085,0
"Qatar",Feb 2021,"02","2021",0.055,0
"Qatar",Jan 2021,"01","2021",0.051,0
"Qatar",Jul 2021,"07","2021",0.078,0
"Qatar",Jun 2021,"06","2021",0.076,0
"Qatar",Mar 2021,"03","2021",0.06,0
"Qatar",May 2021,"05","2021",0.074,0
"Qatar",Nov 2021,"11","2021",0.084,0
"Qatar",Oct 2021,"10","2021",0.083,0
"Qatar",Sep 2021,"09","2021",0.082,0
"Romania",Apr 2021,"04","2021",2.792,0.071
"Romania",Aug 2021,"08","2021",2.991,0.094
"Romania",Dec 2021,"12","2021",4.932,0.159
"Romania",Feb 2021,"02","2021",2.099,0.053
"Romania",Jan 2021,"01","2021",1.886,0.047
"Romania",Jul 2021,"07","2021",2.972,0.094
"Romania",Jun 2021,"06","2021",2.966,0.088
"Romania",Mar 2021,"03","2021",2.399,0.06
"Romania",May 2021,"05","2021",2.94,0.081
"Romania",Nov 2021,"11","2021",4.773,0.146
"Romania",Oct 2021,"10","2021",3.97,0.115
"Romania",Sep 2021,"09","2021",3.144,0.097
"Russia",Apr 2021,"04","2021",7.402,0.165
"Russia",Aug 2021,"08","2021",10.438,0.269
"Russia",Dec 2021,"12","2021",15.9,0.46
"Russia",Feb 2021,"02","2021",6.439,0.126
"Russia",Jan 2021,"01","2021",5.595,0.103
"Russia",Jul 2021,"07","2021",9.33,0.231
"Russia",Jun 2021,"06","2021",8.321,0.201
"Russia",Mar 2021,"03","2021",6.971,0.146
"Russia",May 2021,"05","2021",7.813,0.182
"Russia",Nov 2021,"11","2021",14.335,0.404
"Russia",Oct 2021,"10","2021",12.575,0.35
"Russia",Sep 2021,"09","2021",11.371,0.307
"Rwanda",Apr 2021,"04","2021",0.002,0
"Rwanda",Aug 2021,"08","2021",0.006,0
"Rwanda",Dec 2021,"12","2021",0.008,0
"Rwanda",Feb 2021,"02","2021",0.001,0
"Rwanda",Jan 2021,"01","2021",0.001,0
"Rwanda",Jul 2021,"07","2021",0.004,0
"Rwanda",Jun 2021,"06","2021",0.002,0
"Rwanda",Mar 2021,"03","2021",0.002,0
"Rwanda",May 2021,"05","2021",0.002,0
"Rwanda",Nov 2021,"11","2021",0.008,0
"Rwanda",Oct 2021,"10","2021",0.008,0
"Rwanda",Sep 2021,"09","2021",0.007,0
"Saint Kitts and Nevis",Apr 2021,"04","2021",0.001,0
"Saint Kitts and Nevis",Aug 2021,"08","2021",0.014,0
"Saint Kitts and Nevis",Dec 2021,"12","2021",0.053,0.001
"Saint Kitts and Nevis",Feb 2021,"02","2021",0.001,0
"Saint Kitts and Nevis",Jan 2021,"01","2021",0.001,0
"Saint Kitts and Nevis",Jul 2021,"07","2021",0.01,0
"Saint Kitts and Nevis",Jun 2021,"06","2021",0.005,0
"Saint Kitts and Nevis",Mar 2021,"03","2021",0.001,0
"Saint Kitts and Nevis",May 2021,"05","2021",0.001,0
"Saint Kitts and Nevis",Nov 2021,"11","2021",0.052,0.001
"Saint Kitts and Nevis",Oct 2021,"10","2021",0.046,0
"Saint Kitts and Nevis",Sep 2021,"09","2021",0.029,0
"Saint Lucia",Apr 2021,"04","2021",0.024,0
"Saint Lucia",Aug 2021,"08","2021",0.036,0.001
"Saint Lucia",Dec 2021,"12","2021",0.072,0.002
"Saint Lucia",Feb 2021,"02","2021",0.013,0
"Saint Lucia",Jan 2021,"01","2021",0.004,0
"Saint Lucia",Jul 2021,"07","2021",0.03,0
"Saint Lucia",Jun 2021,"06","2021",0.028,0
"Saint Lucia",Mar 2021,"03","2021",0.022,0
"Saint Lucia",May 2021,"05","2021",0.026,0
"Saint Lucia",Nov 2021,"11","2021",0.07,0.001
"Saint Lucia",Oct 2021,"10","2021",0.066,0.001
"Saint Lucia",Sep 2021,"09","2021",0.055,0.001
"Saint Vincent and the Grenadines",Apr 2021,"04","2021",0.016,0
"Saint Vincent and the Grenadines",Aug 2021,"08","2021",0.021,0
"Saint Vincent and the Grenadines",Dec 2021,"12","2021",0.052,0.001
"Saint Vincent and the Grenadines",Feb 2021,"02","2021",0.012,0
"Saint Vincent and the Grenadines",Jan 2021,"01","2021",0.004,0
"Saint Vincent and the Grenadines",Jul 2021,"07","2021",0.02,0
"Saint Vincent and the Grenadines",Jun 2021,"06","2021",0.019,0
"Saint Vincent and the Grenadines",Mar 2021,"03","2021",0.015,0
"Saint Vincent and the Grenadines",May 2021,"05","2021",0.018,0
"Saint Vincent and the Grenadines",Nov 2021,"11","2021",0.048,0.001
"Saint Vincent and the Grenadines",Oct 2021,"10","2021",0.039,0
"Saint Vincent and the Grenadines",Sep 2021,"09","2021",0.025,0
"Samoa",Apr 2021,"04","2021",0,0
"Samoa",Aug 2021,"08","2021",0,0
"Samoa",Dec 2021,"12","2021",0,0
"Samoa",Feb 2021,"02","2021",0,0
"Samoa",Jan 2021,"01","2021",0,0
"Samoa",Jul 2021,"07","2021",0,0
"Samoa",Jun 2021,"06","2021",0,0
"Samoa",Mar 2021,"03","2021",0,0
"Samoa",May 2021,"05","2021",0,0
"Samoa",Nov 2021,"11","2021",0,0
"Samoa",Oct 2021,"10","2021",0,0
"Samoa",Sep 2021,"09","2021",0,0
"San Marino",Apr 2021,"04","2021",0.146,0.003
"San Marino",Aug 2021,"08","2021",0.154,0.003
"San Marino",Dec 2021,"12","2021",0.203,0.003
"San Marino",Feb 2021,"02","2021",0.098,0.002
"San Marino",Jan 2021,"01","2021",0.08,0.002
"San Marino",Jul 2021,"07","2021",0.15,0.003
"San Marino",Jun 2021,"06","2021",0.15,0.003
"San Marino",Mar 2021,"03","2021",0.124,0.002
"San Marino",May 2021,"05","2021",0.15,0.003
"San Marino",Nov 2021,"11","2021",0.169,0.003
"San Marino",Oct 2021,"10","2021",0.162,0.003
"San Marino",Sep 2021,"09","2021",0.159,0.003
"Sao Tome and Principe",Apr 2021,"04","2021",0.01,0
"Sao Tome and Principe",Aug 2021,"08","2021",0.011,0
"Sao Tome and Principe",Dec 2021,"12","2021",0.017,0
"Sao Tome and Principe",Feb 2021,"02","2021",0.007,0
"Sao Tome and Principe",Jan 2021,"01","2021",0.005,0
"Sao Tome and Principe",Jul 2021,"07","2021",0.011,0
"Sao Tome and Principe",Jun 2021,"06","2021",0.011,0
"Sao Tome and Principe",Mar 2021,"03","2021",0.009,0
"Sao Tome and Principe",May 2021,"05","2021",0.011,0
"Sao Tome and Principe",Nov 2021,"11","2021",0.017,0
"Sao Tome and Principe",Oct 2021,"10","2021",0.017,0
"Sao Tome and Principe",Sep 2021,"09","2021",0.014,0
"Saudi Arabia",Apr 2021,"04","2021",0.012,0
"Saudi Arabia",Aug 2021,"08","2021",0.015,0
"Saudi Arabia",Dec 2021,"12","2021",0.016,0
"Saudi Arabia",Feb 2021,"02","2021",0.011,0
"Saudi Arabia",Jan 2021,"01","2021",0.01,0
"Saudi Arabia",Jul 2021,"07","2021",0.015,0
"Saudi Arabia",Jun 2021,"06","2021",0.013,0
"Saudi Arabia",Mar 2021,"03","2021",0.011,0
"Saudi Arabia",May 2021,"05","2021",0.012,0
"Saudi Arabia",Nov 2021,"11","2021",0.016,0
"Saudi Arabia",Oct 2021,"10","2021",0.016,0
"Saudi Arabia",Sep 2021,"09","2021",0.016,0
"Senegal",Apr 2021,"04","2021",0.002,0
"Senegal",Aug 2021,"08","2021",0.004,0
"Senegal",Dec 2021,"12","2021",0.004,0
"Senegal",Feb 2021,"02","2021",0.002,0
"Senegal",Jan 2021,"01","2021",0.001,0
"Senegal",Jul 2021,"07","2021",0.003,0
"Senegal",Jun 2021,"06","2021",0.003,0
"Senegal",Mar 2021,"03","2021",0.002,0
"Senegal",May 2021,"05","2021",0.002,0
"Senegal",Nov 2021,"11","2021",0.004,0
"Senegal",Oct 2021,"10","2021",0.004,0
"Senegal",Sep 2021,"09","2021",0.004,0
"Serbia",Apr 2021,"04","2021",0.075,0.001
"Serbia",Aug 2021,"08","2021",0.084,0.001
"Serbia",Dec 2021,"12","2021",0.146,0.001
"Serbia",Feb 2021,"02","2021",0.049,0
"Serbia",Jan 2021,"01","2021",0.042,0
"Serbia",Jul 2021,"07","2021",0.082,0.001
"Serbia",Jun 2021,"06","2021",0.082,0.001
"Serbia",Mar 2021,"03","2021",0.06,0.001
"Serbia",May 2021,"05","2021",0.081,0.001
"Serbia",Nov 2021,"11","2021",0.139,0.001
"Serbia",Oct 2021,"10","2021",0.12,0.001
"Serbia",Sep 2021,"09","2021",0.097,0.001
"Seychelles",Apr 2021,"04","2021",0.048,0
"Seychelles",Aug 2021,"08","2021",0.195,0.001
"Seychelles",Dec 2021,"12","2021",0.244,0.001
"Seychelles",Feb 2021,"02","2021",0.019,0
"Seychelles",Jan 2021,"01","2021",0.007,0
"Seychelles",Jul 2021,"07","2021",0.175,0.001
"Seychelles",Jun 2021,"06","2021",0.139,0
"Seychelles",Mar 2021,"03","2021",0.034,0
"Seychelles",May 2021,"05","2021",0.094,0
"Seychelles",Nov 2021,"11","2021",0.231,0.001
"Seychelles",Oct 2021,"10","2021",0.223,0.001
"Seychelles",Sep 2021,"09","2021",0.211,0.001
"Sierra Leone",Apr 2021,"04","2021",0.001,0
"Sierra Leone",Aug 2021,"08","2021",0.001,0
"Sierra Leone",Dec 2021,"12","2021",0.001,0
"Sierra Leone",Feb 2021,"02","2021",0,0
"Sierra Leone",Jan 2021,"01","2021",0,0
"Sierra Leone",Jul 2021,"07","2021",0.001,0
"Sierra Leone",Jun 2021,"06","2021",0.001,0
"Sierra Leone",Mar 2021,"03","2021",0,0
"Sierra Leone",May 2021,"05","2021",0.001,0
"Sierra Leone",Nov 2021,"11","2021",0.001,0
"Sierra Leone",Oct 2021,"10","2021",0.001,0
"Sierra Leone",Sep 2021,"09","2021",0.001,0
"Singapore",Apr 2021,"04","2021",0.01,0
"Singapore",Aug 2021,"08","2021",0.011,0
"Singapore",Dec 2021,"12","2021",0.047,0
"Singapore",Feb 2021,"02","2021",0.01,0
"Singapore",Jan 2021,"01","2021",0.01,0
"Singapore",Jul 2021,"07","2021",0.011,0
"Singapore",Jun 2021,"06","2021",0.011,0
"Singapore",Mar 2021,"03","2021",0.01,0
"Singapore",May 2021,"05","2021",0.011,0
"Singapore",Nov 2021,"11","2021",0.041,0
"Singapore",Oct 2021,"10","2021",0.025,0
"Singapore",Sep 2021,"09","2021",0.013,0
"Slovakia",Apr 2021,"04","2021",0.998,0.015
"Slovakia",Aug 2021,"08","2021",1.057,0.017
"Slovakia",Dec 2021,"12","2021",1.764,0.021
"Slovakia",Feb 2021,"02","2021",0.697,0.008
"Slovakia",Jan 2021,"01","2021",0.49,0.005
"Slovakia",Jul 2021,"07","2021",1.054,0.017
"Slovakia",Jun 2021,"06","2021",1.051,0.017
"Slovakia",Mar 2021,"03","2021",0.894,0.012
"Slovakia",May 2021,"05","2021",1.039,0.016
"Slovakia",Nov 2021,"11","2021",1.393,0.019
"Slovakia",Oct 2021,"10","2021",1.142,0.017
"Slovakia",Sep 2021,"09","2021",1.073,0.017
"Slovenia",Apr 2021,"04","2021",0.11,0.002
"Slovenia",Aug 2021,"08","2021",0.126,0.002
"Slovenia",Dec 2021,"12","2021",0.214,0.003
"Slovenia",Feb 2021,"02","2021",0.086,0.002
"Slovenia",Jan 2021,"01","2021",0.07,0.002
"Slovenia",Jul 2021,"07","2021",0.124,0.002
"Slovenia",Jun 2021,"06","2021",0.123,0.002
"Slovenia",Mar 2021,"03","2021",0.097,0.002
"Slovenia",May 2021,"05","2021",0.12,0.002
"Slovenia",Nov 2021,"11","2021",0.184,0.002
"Slovenia",Oct 2021,"10","2021",0.149,0.002
"Slovenia",Sep 2021,"09","2021",0.135,0.002
"Solomon Islands",Apr 2021,"04","2021",0,0
"Solomon Islands",Aug 2021,"08","2021",0,0
"Solomon Islands",Dec 2021,"12","2021",0,0
"Solomon Islands",Feb 2021,"02","2021",0,0
"Solomon Islands",Jan 2021,"01","2021",0,0
"Solomon Islands",Jul 2021,"07","2021",0,0
"Solomon Islands",Jun 2021,"06","2021",0,0
"Solomon Islands",Mar 2021,"03","2021",0,0
"Solomon Islands",May 2021,"05","2021",0,0
"Solomon Islands",Nov 2021,"11","2021",0,0
"Solomon Islands",Oct 2021,"10","2021",0,0
"Solomon Islands",Sep 2021,"09","2021",0,0
"Somalia",Apr 2021,"04","2021",0.001,0
"Somalia",Aug 2021,"08","2021",0.001,0
"Somalia",Dec 2021,"12","2021",0.001,0
"Somalia",Feb 2021,"02","2021",0,0
"Somalia",Jan 2021,"01","2021",0,0
"Somalia",Jul 2021,"07","2021",0.001,0
"Somalia",Jun 2021,"06","2021",0.001,0
"Somalia",Mar 2021,"03","2021",0.001,0
"Somalia",May 2021,"05","2021",0.001,0
"Somalia",Nov 2021,"11","2021",0.001,0
"Somalia",Oct 2021,"10","2021",0.001,0
"Somalia",Sep 2021,"09","2021",0.001,0
"South Africa",Apr 2021,"04","2021",0.026,0.001
"South Africa",Aug 2021,"08","2021",0.044,0.001
"South Africa",Dec 2021,"12","2021",0.055,0.002
"South Africa",Feb 2021,"02","2021",0.025,0.001
"South Africa",Jan 2021,"01","2021",0.022,0.001
"South Africa",Jul 2021,"07","2021",0.038,0.001
"South Africa",Jun 2021,"06","2021",0.03,0.001
"South Africa",Mar 2021,"03","2021",0.026,0.001
"South Africa",May 2021,"05","2021",0.027,0.001
"South Africa",Nov 2021,"11","2021",0.049,0.002
"South Africa",Oct 2021,"10","2021",0.049,0.001
"South Africa",Sep 2021,"09","2021",0.048,0.001
"South Sudan",Apr 2021,"04","2021",0.001,0
"South Sudan",Aug 2021,"08","2021",0.001,0
"South Sudan",Dec 2021,"12","2021",0.001,0
"South Sudan",Feb 2021,"02","2021",0.001,0
"South Sudan",Jan 2021,"01","2021",0,0
"South Sudan",Jul 2021,"07","2021",0.001,0
"South Sudan",Jun 2021,"06","2021",0.001,0
"South Sudan",Mar 2021,"03","2021",0.001,0
"South Sudan",May 2021,"05","2021",0.001,0
"South Sudan",Nov 2021,"11","2021",0.001,0
"South Sudan",Oct 2021,"10","2021",0.001,0
"South Sudan",Sep 2021,"09","2021",0.001,0
"Spain",Apr 2021,"04","2021",6.295,0.142
"Spain",Aug 2021,"08","2021",8.708,0.153
"Spain",Dec 2021,"12","2021",10.219,0.164
"Spain",Feb 2021,"02","2021",5.66,0.12
"Spain",Jan 2021,"01","2021",4.253,0.1
"Spain",Jul 2021,"07","2021",7.599,0.15
"Spain",Jun 2021,"06","2021",6.934,0.149
"Spain",Mar 2021,"03","2021",5.932,0.135
"Spain",May 2021,"05","2021",6.682,0.147
"Spain",Nov 2021,"11","2021",9.389,0.162
"Spain",Oct 2021,"10","2021",9.235,0.161
"Spain",Sep 2021,"09","2021",9.11,0.159
"Sri Lanka",Apr 2021,"04","2021",0.005,0
"Sri Lanka",Aug 2021,"08","2021",0.017,0
"Sri Lanka",Dec 2021,"12","2021",0.027,0.001
"Sri Lanka",Feb 2021,"02","2021",0.004,0
"Sri Lanka",Jan 2021,"01","2021",0.002,0
"Sri Lanka",Jul 2021,"07","2021",0.013,0
"Sri Lanka",Jun 2021,"06","2021",0.011,0
"Sri Lanka",Mar 2021,"03","2021",0.004,0
"Sri Lanka",May 2021,"05","2021",0.007,0
"Sri Lanka",Nov 2021,"11","2021",0.026,0.001
"Sri Lanka",Oct 2021,"10","2021",0.025,0.001
"Sri Lanka",Sep 2021,"09","2021",0.023,0.001
"Sudan",Apr 2021,"04","2021",0.001,0
"Sudan",Aug 2021,"08","2021",0.001,0
"Sudan",Dec 2021,"12","2021",0.001,0
"Sudan",Feb 2021,"02","2021",0.001,0
"Sudan",Jan 2021,"01","2021",0.001,0
"Sudan",Jul 2021,"07","2021",0.001,0
"Sudan",Jun 2021,"06","2021",0.001,0
"Sudan",Mar 2021,"03","2021",0.001,0
"Sudan",May 2021,"05","2021",0.001,0
"Sudan",Nov 2021,"11","2021",0.001,0
"Sudan",Oct 2021,"10","2021",0.001,0
"Sudan",Sep 2021,"09","2021",0.001,0
"Suriname",Apr 2021,"04","2021",0.016,0
"Suriname",Aug 2021,"08","2021",0.046,0.001
"Suriname",Dec 2021,"12","2021",0.088,0.002
"Suriname",Feb 2021,"02","2021",0.015,0
"Suriname",Jan 2021,"01","2021",0.013,0
"Suriname",Jul 2021,"07","2021",0.041,0.001
"Suriname",Jun 2021,"06","2021",0.032,0.001
"Suriname",Mar 2021,"03","2021",0.015,0
"Suriname",May 2021,"05","2021",0.021,0
"Suriname",Nov 2021,"11","2021",0.085,0.002
"Suriname",Oct 2021,"10","2021",0.078,0.002
"Suriname",Sep 2021,"09","2021",0.06,0.001
"Sweden",Apr 2021,"04","2021",3.415,0.053
"Sweden",Aug 2021,"08","2021",4.275,0.056
"Sweden",Dec 2021,"12","2021",4.798,0.058
"Sweden",Feb 2021,"02","2021",2.361,0.048
"Sweden",Jan 2021,"01","2021",1.977,0.039
"Sweden",Jul 2021,"07","2021",4.206,0.056
"Sweden",Jun 2021,"06","2021",4.163,0.056
"Sweden",Mar 2021,"03","2021",2.798,0.051
"Sweden",May 2021,"05","2021",3.97,0.055
"Sweden",Nov 2021,"11","2021",4.557,0.058
"Sweden",Oct 2021,"10","2021",4.466,0.057
"Sweden",Sep 2021,"09","2021",4.386,0.057
"Switzerland",Apr 2021,"04","2021",0.073,0.001
"Switzerland",Aug 2021,"08","2021",0.086,0.001
"Switzerland",Dec 2021,"12","2021",0.134,0.001
"Switzerland",Feb 2021,"02","2021",0.063,0.001
"Switzerland",Jan 2021,"01","2021",0.057,0.001
"Switzerland",Jul 2021,"07","2021",0.082,0.001
"Switzerland",Jun 2021,"06","2021",0.081,0.001
"Switzerland",Mar 2021,"03","2021",0.067,0.001
"Switzerland",May 2021,"05","2021",0.079,0.001
"Switzerland",Nov 2021,"11","2021",0.107,0.001
"Switzerland",Oct 2021,"10","2021",0.099,0.001
"Switzerland",Sep 2021,"09","2021",0.094,0.001
"Syria",Apr 2021,"04","2021",0.001,0
"Syria",Aug 2021,"08","2021",0.002,0
"Syria",Dec 2021,"12","2021",0.003,0
"Syria",Feb 2021,"02","2021",0.001,0
"Syria",Jan 2021,"01","2021",0.001,0
"Syria",Jul 2021,"07","2021",0.001,0
"Syria",Jun 2021,"06","2021",0.001,0
"Syria",Mar 2021,"03","2021",0.001,0
"Syria",May 2021,"05","2021",0.001,0
"Syria",Nov 2021,"11","2021",0.003,0
"Syria",Oct 2021,"10","2021",0.002,0
"Syria",Sep 2021,"09","2021",0.002,0
"Taiwan*",Apr 2021,"04","2021",0,0
"Taiwan*",Aug 2021,"08","2021",0.001,0
"Taiwan*",Dec 2021,"12","2021",0.001,0
"Taiwan*",Feb 2021,"02","2021",0,0
"Taiwan*",Jan 2021,"01","2021",0,0
"Taiwan*",Jul 2021,"07","2021",0.001,0
"Taiwan*",Jun 2021,"06","2021",0.001,0
"Taiwan*",Mar 2021,"03","2021",0,0
"Taiwan*",May 2021,"05","2021",0,0
"Taiwan*",Nov 2021,"11","2021",0.001,0
"Taiwan*",Oct 2021,"10","2021",0.001,0
"Taiwan*",Sep 2021,"09","2021",0.001,0
"Tajikistan",Apr 2021,"04","2021",0.001,0
"Tajikistan",Aug 2021,"08","2021",0.002,0
"Tajikistan",Dec 2021,"12","2021",0.002,0
"Tajikistan",Feb 2021,"02","2021",0.001,0
"Tajikistan",Jan 2021,"01","2021",0.001,0
"Tajikistan",Jul 2021,"07","2021",0.002,0
"Tajikistan",Jun 2021,"06","2021",0.001,0
"Tajikistan",Mar 2021,"03","2021",0.001,0
"Tajikistan",May 2021,"05","2021",0.001,0
"Tajikistan",Nov 2021,"11","2021",0.002,0
"Tajikistan",Oct 2021,"10","2021",0.002,0
"Tajikistan",Sep 2021,"09","2021",0.002,0
"Tanzania",Apr 2021,"04","2021",0,0
"Tanzania",Aug 2021,"08","2021",0,0
"Tanzania",Dec 2021,"12","2021",0,0
"Tanzania",Feb 2021,"02","2021",0,0
"Tanzania",Jan 2021,"01","2021",0,0
"Tanzania",Jul 2021,"07","2021",0,0
"Tanzania",Jun 2021,"06","2021",0,0
"Tanzania",Mar 2021,"03","2021",0,0
"Tanzania",May 2021,"05","2021",0,0
"Tanzania",Nov 2021,"11","2021",0,0
"Tanzania",Oct 2021,"10","2021",0,0
"Tanzania",Sep 2021,"09","2021",0,0
"Thailand",Apr 2021,"04","2021",0.001,0
"Thailand",Aug 2021,"08","2021",0.013,0
"Thailand",Dec 2021,"12","2021",0.031,0
"Thailand",Feb 2021,"02","2021",0,0
"Thailand",Jan 2021,"01","2021",0,0
"Thailand",Jul 2021,"07","2021",0.006,0
"Thailand",Jun 2021,"06","2021",0.003,0
"Thailand",Mar 2021,"03","2021",0,0
"Thailand",May 2021,"05","2021",0.002,0
"Thailand",Nov 2021,"11","2021",0.029,0
"Thailand",Oct 2021,"10","2021",0.025,0
"Thailand",Sep 2021,"09","2021",0.02,0
"Timor-Leste",Apr 2021,"04","2021",0.001,0
"Timor-Leste",Aug 2021,"08","2021",0.01,0
"Timor-Leste",Dec 2021,"12","2021",0.015,0
"Timor-Leste",Feb 2021,"02","2021",0,0
"Timor-Leste",Jan 2021,"01","2021",0,0
"Timor-Leste",Jul 2021,"07","2021",0.008,0
"Timor-Leste",Jun 2021,"06","2021",0.006,0
"Timor-Leste",Mar 2021,"03","2021",0,0
"Timor-Leste",May 2021,"05","2021",0.003,0
"Timor-Leste",Nov 2021,"11","2021",0.015,0
"Timor-Leste",Oct 2021,"10","2021",0.015,0
"Timor-Leste",Sep 2021,"09","2021",0.014,0
"Togo",Apr 2021,"04","2021",0.001,0
"Togo",Aug 2021,"08","2021",0.002,0
"Togo",Dec 2021,"12","2021",0.003,0
"Togo",Feb 2021,"02","2021",0.001,0
"Togo",Jan 2021,"01","2021",0.001,0
"Togo",Jul 2021,"07","2021",0.002,0
"Togo",Jun 2021,"06","2021",0.002,0
"Togo",Mar 2021,"03","2021",0.001,0
"Togo",May 2021,"05","2021",0.002,0
"Togo",Nov 2021,"11","2021",0.003,0
"Togo",Oct 2021,"10","2021",0.003,0
"Togo",Sep 2021,"09","2021",0.003,0
"Tonga",Apr 2021,"04","2021",0,0
"Tonga",Aug 2021,"08","2021",0,0
"Tonga",Dec 2021,"12","2021",0,0
"Tonga",Feb 2021,"02","2021",0,0
"Tonga",Jan 2021,"01","2021",0,0
"Tonga",Jul 2021,"07","2021",0,0
"Tonga",Jun 2021,"06","2021",0,0
"Tonga",Mar 2021,"03","2021",0,0
"Tonga",May 2021,"05","2021",0,0
"Tonga",Nov 2021,"11","2021",0,0
"Tonga",Oct 2021,"10","2021",0,0
"Tonga",Sep 2021,"09","2021",0,0
"Trinidad and Tobago",Apr 2021,"04","2021",0.006,0
"Trinidad and Tobago",Aug 2021,"08","2021",0.03,0.001
"Trinidad and Tobago",Dec 2021,"12","2021",0.059,0.002
"Trinidad and Tobago",Feb 2021,"02","2021",0.005,0
"Trinidad and Tobago",Jan 2021,"01","2021",0.005,0
"Trinidad and Tobago",Jul 2021,"07","2021",0.026,0.001
"Trinidad and Tobago",Jun 2021,"06","2021",0.021,0
"Trinidad and Tobago",Mar 2021,"03","2021",0.006,0
"Trinidad and Tobago",May 2021,"05","2021",0.012,0
"Trinidad and Tobago",Nov 2021,"11","2021",0.045,0.001
"Trinidad and Tobago",Oct 2021,"10","2021",0.039,0.001
"Trinidad and Tobago",Sep 2021,"09","2021",0.034,0.001
"Tunisia",Apr 2021,"04","2021",0.024,0.001
"Tunisia",Aug 2021,"08","2021",0.053,0.002
"Tunisia",Dec 2021,"12","2021",0.061,0.002
"Tunisia",Feb 2021,"02","2021",0.019,0.001
"Tunisia",Jan 2021,"01","2021",0.015,0
"Tunisia",Jul 2021,"07","2021",0.044,0.001
"Tunisia",Jun 2021,"06","2021",0.032,0.001
"Tunisia",Mar 2021,"03","2021",0.021,0.001
"Tunisia",May 2021,"05","2021",0.028,0.001
"Tunisia",Nov 2021,"11","2021",0.061,0.002
"Tunisia",Oct 2021,"10","2021",0.06,0.002
"Tunisia",Sep 2021,"09","2021",0.058,0.002
"Turkey",Apr 2021,"04","2021",0.049,0
"Turkey",Aug 2021,"08","2021",0.072,0.001
"Turkey",Dec 2021,"12","2021",0.108,0.001
"Turkey",Feb 2021,"02","2021",0.031,0
"Turkey",Jan 2021,"01","2021",0.028,0
"Turkey",Jul 2021,"07","2021",0.066,0.001
"Turkey",Jun 2021,"06","2021",0.063,0.001
"Turkey",Mar 2021,"03","2021",0.035,0
"Turkey",May 2021,"05","2021",0.06,0.001
"Turkey",Nov 2021,"11","2021",0.1,0.001
"Turkey",Oct 2021,"10","2021",0.09,0.001
"Turkey",Sep 2021,"09","2021",0.08,0.001
"Tuvalu",Apr 2021,"04","2021",0,0
"Tuvalu",Aug 2021,"08","2021",0,0
"Tuvalu",Dec 2021,"12","2021",0,0
"Tuvalu",Feb 2021,"02","2021",0,0
"Tuvalu",Jan 2021,"01","2021",0,0
"Tuvalu",Jul 2021,"07","2021",0,0
"Tuvalu",Jun 2021,"06","2021",0,0
"Tuvalu",Mar 2021,"03","2021",0,0
"Tuvalu",May 2021,"05","2021",0,0
"Tuvalu",Nov 2021,"11","2021",0,0
"Tuvalu",Oct 2021,"10","2021",0,0
"Tuvalu",Sep 2021,"09","2021",0,0
"Uganda",Apr 2021,"04","2021",0.001,0
"Uganda",Aug 2021,"08","2021",0.002,0
"Uganda",Dec 2021,"12","2021",0.003,0
"Uganda",Feb 2021,"02","2021",0.001,0
"Uganda",Jan 2021,"01","2021",0.001,0
"Uganda",Jul 2021,"07","2021",0.002,0
"Uganda",Jun 2021,"06","2021",0.001,0
"Uganda",Mar 2021,"03","2021",0.001,0
"Uganda",May 2021,"05","2021",0.001,0
"Uganda",Nov 2021,"11","2021",0.003,0
"Uganda",Oct 2021,"10","2021",0.003,0
"Uganda",Sep 2021,"09","2021",0.003,0
"Ukraine",Apr 2021,"04","2021",1.398,0.029
"Ukraine",Aug 2021,"08","2021",1.688,0.04
"Ukraine",Dec 2021,"12","2021",2.687,0.07
"Ukraine",Feb 2021,"02","2021",0.946,0.018
"Ukraine",Jan 2021,"01","2021",0.848,0.015
"Ukraine",Jul 2021,"07","2021",1.658,0.039
"Ukraine",Jun 2021,"06","2021",1.636,0.039
"Ukraine",Mar 2021,"03","2021",1.106,0.022
"Ukraine",May 2021,"05","2021",1.578,0.036
"Ukraine",Nov 2021,"11","2021",2.416,0.059
"Ukraine",Oct 2021,"10","2021",1.979,0.047
"Ukraine",Sep 2021,"09","2021",1.749,0.042
"United Arab Emirates",Apr 2021,"04","2021",0.05,0
"United Arab Emirates",Aug 2021,"08","2021",0.071,0
"United Arab Emirates",Dec 2021,"12","2021",0.075,0
"United Arab Emirates",Feb 2021,"02","2021",0.035,0
"United Arab Emirates",Jan 2021,"01","2021",0.025,0
"United Arab Emirates",Jul 2021,"07","2021",0.067,0
"United Arab Emirates",Jun 2021,"06","2021",0.061,0
"United Arab Emirates",Mar 2021,"03","2021",0.043,0
"United Arab Emirates",May 2021,"05","2021",0.055,0
"United Arab Emirates",Nov 2021,"11","2021",0.075,0
"United Arab Emirates",Oct 2021,"10","2021",0.075,0
"United Arab Emirates",Sep 2021,"09","2021",0.074,0
"Uruguay",Apr 2021,"04","2021",0.045,0.001
"Uruguay",Aug 2021,"08","2021",0.11,0.002
"Uruguay",Dec 2021,"12","2021",0.116,0.002
"Uruguay",Feb 2021,"02","2021",0.014,0
"Uruguay",Jan 2021,"01","2021",0.009,0
"Uruguay",Jul 2021,"07","2021",0.109,0.002
"Uruguay",Jun 2021,"06","2021",0.098,0.001
"Uruguay",Mar 2021,"03","2021",0.022,0
"Uruguay",May 2021,"05","2021",0.07,0.001
"Uruguay",Nov 2021,"11","2021",0.114,0.002
"Uruguay",Oct 2021,"10","2021",0.113,0.002
"Uruguay",Sep 2021,"09","2021",0.111,0.002
"US",Apr 2021,"04","2021",3023.781,53.697
"US",Aug 2021,"08","2021",3553.19,59.435
"US",Dec 2021,"12","2021",4873.253,76.907
"US",Feb 2021,"02","2021",2656.079,46.284
"US",Jan 2021,"01","2021",2266.762,38.196
"US",Jul 2021,"07","2021",3276.583,57.86
"US",Jun 2021,"06","2021",3215.082,57.057
"US",Mar 2021,"03","2021",2839.739,51.01
"US",May 2021,"05","2021",3159.773,55.672
"US",Nov 2021,"11","2021",4529.613,73.074
"US",Oct 2021,"10","2021",4300.005,69.164
"US",Sep 2021,"09","2021",3988.304,63.788
"Uzbekistan",Apr 2021,"04","2021",0.003,0
"Uzbekistan",Aug 2021,"08","2021",0.004,0
"Uzbekistan",Dec 2021,"12","2021",0.006,0
"Uzbekistan",Feb 2021,"02","2021",0.002,0
"Uzbekistan",Jan 2021,"01","2021",0.002,0
"Uzbekistan",Jul 2021,"07","2021",0.004,0
"Uzbekistan",Jun 2021,"06","2021",0.003,0
"Uzbekistan",Mar 2021,"03","2021",0.002,0
"Uzbekistan",May 2021,"05","2021",0.003,0
"Uzbekistan",Nov 2021,"11","2021",0.006,0
"Uzbekistan",Oct 2021,"10","2021",0.005,0
"Uzbekistan",Sep 2021,"09","2021",0.005,0
"Vanuatu",Apr 2021,"04","2021",0,0
"Vanuatu",Aug 2021,"08","2021",0,0
"Vanuatu",Dec 2021,"12","2021",0,0
"Vanuatu",Feb 2021,"02","2021",0,0
"Vanuatu",Jan 2021,"01","2021",0,0
"Vanuatu",Jul 2021,"07","2021",0,0
"Vanuatu",Jun 2021,"06","2021",0,0
"Vanuatu",Mar 2021,"03","2021",0,0
"Vanuatu",May 2021,"05","2021",0,0
"Vanuatu",Nov 2021,"11","2021",0,0
"Vanuatu",Oct 2021,"10","2021",0,0
"Vanuatu",Sep 2021,"09","2021",0,0
"Venezuela",Apr 2021,"04","2021",0.006,0
"Venezuela",Aug 2021,"08","2021",0.011,0
"Venezuela",Dec 2021,"12","2021",0.015,0
"Venezuela",Feb 2021,"02","2021",0.005,0
"Venezuela",Jan 2021,"01","2021",0.004,0
"Venezuela",Jul 2021,"07","2021",0.01,0
"Venezuela",Jun 2021,"06","2021",0.009,0
"Venezuela",Mar 2021,"03","2021",0.005,0
"Venezuela",May 2021,"05","2021",0.008,0
"Venezuela",Nov 2021,"11","2021",0.015,0
"Venezuela",Oct 2021,"10","2021",0.014,0
"Venezuela",Sep 2021,"09","2021",0.012,0
"Vietnam",Apr 2021,"04","2021",0,0
"Vietnam",Aug 2021,"08","2021",0.003,0
"Vietnam",Dec 2021,"12","2021",0.015,0
"Vietnam",Feb 2021,"02","2021",0,0
"Vietnam",Jan 2021,"01","2021",0,0
"Vietnam",Jul 2021,"07","2021",0.001,0
"Vietnam",Jun 2021,"06","2021",0,0
"Vietnam",Mar 2021,"03","2021",0,0
"Vietnam",May 2021,"05","2021",0,0
"Vietnam",Nov 2021,"11","2021",0.011,0
"Vietnam",Oct 2021,"10","2021",0.009,0
"Vietnam",Sep 2021,"09","2021",0.007,0
"West Bank and Gaza",Apr 2021,"04","2021",0.054,0.001
"West Bank and Gaza",Aug 2021,"08","2021",0.064,0.001
"West Bank and Gaza",Dec 2021,"12","2021",0.091,0.001
"West Bank and Gaza",Feb 2021,"02","2021",0.033,0
"West Bank and Gaza",Jan 2021,"01","2021",0.03,0
"West Bank and Gaza",Jul 2021,"07","2021",0.062,0.001
"West Bank and Gaza",Jun 2021,"06","2021",0.061,0.001
"West Bank and Gaza",Mar 2021,"03","2021",0.042,0
"West Bank and Gaza",May 2021,"05","2021",0.059,0.001
"West Bank and Gaza",Nov 2021,"11","2021",0.09,0.001
"West Bank and Gaza",Oct 2021,"10","2021",0.086,0.001
"West Bank and Gaza",Sep 2021,"09","2021",0.074,0.001
"Yemen",Apr 2021,"04","2021",0,0
"Yemen",Aug 2021,"08","2021",0,0
"Yemen",Dec 2021,"12","2021",0,0
"Yemen",Feb 2021,"02","2021",0,0
"Yemen",Jan 2021,"01","2021",0,0
"Yemen",Jul 2021,"07","2021",0,0
"Yemen",Jun 2021,"06","2021",0,0
"Yemen",Mar 2021,"03","2021",0,0
"Yemen",May 2021,"05","2021",0,0
"Yemen",Nov 2021,"11","2021",0,0
"Yemen",Oct 2021,"10","2021",0,0
"Yemen",Sep 2021,"09","2021",0,0
"Zambia",Apr 2021,"04","2021",0.005,0
"Zambia",Aug 2021,"08","2021",0.011,0
"Zambia",Dec 2021,"12","2021",0.012,0
"Zambia",Feb 2021,"02","2021",0.004,0
"Zambia",Jan 2021,"01","2021",0.002,0
"Zambia",Jul 2021,"07","2021",0.01,0
"Zambia",Jun 2021,"06","2021",0.007,0
"Zambia",Mar 2021,"03","2021",0.005,0
"Zambia",May 2021,"05","2021",0.005,0
"Zambia",Nov 2021,"11","2021",0.011,0
"Zambia",Oct 2021,"10","2021",0.011,0
"Zambia",Sep 2021,"09","2021",0.011,0
"Zimbabwe",Apr 2021,"04","2021",0.003,0
"Zimbabwe",Aug 2021,"08","2021",0.008,0
"Zimbabwe",Dec 2021,"12","2021",0.012,0
"Zimbabwe",Feb 2021,"02","2021",0.002,0
"Zimbabwe",Jan 2021,"01","2021",0.002,0
"Zimbabwe",Jul 2021,"07","2021",0.005,0
"Zimbabwe",Jun 2021,"06","2021",0.003,0
"Zimbabwe",Mar 2021,"03","2021",0.002,0
"Zimbabwe",May 2021,"05","2021",0.003,0
"Zimbabwe",Nov 2021,"11","2021",0.009,0
"Zimbabwe",Oct 2021,"10","2021",0.009,0
"Zimbabwe",Sep 2021,"09","2021",0.009,0
